,Neighbourhood,Neighbourhood Latitude,Neighbourhood Longitude,Venue,Venue Latitude,Venue Longitude,Venue Category
5,Paquetá,-22.764231617842217,-43.111232657587436,Quintal da Regina,-22.76082021498478,-43.10828818686261,Bar
6,Paquetá,-22.764231617842217,-43.111232657587436,Tia Leleta Bar,-22.760764969427672,-43.10833379457224,Brazilian Restaurant
8,Paquetá,-22.764231617842217,-43.111232657587436,Zeca's Restaurante,-22.76125304446301,-43.107707521439806,Brazilian Restaurant
22,Bancários,-22.792450500380458,-43.180994104672784,Bar Água Viva,-22.79504585883275,-43.18011506144829,Burger Joint
24,Bancários,-22.792450500380458,-43.180994104672784,Rei do Bolinho de Bacalhau,-22.795611412660136,-43.18337770328501,Seafood Restaurant
26,Bancários,-22.792450500380458,-43.180994104672784,Panificação Tauá,-22.79561002929422,-43.183377949358686,Bakery
27,Bancários,-22.792450500380458,-43.180994104672784,Experimenta Lanches,-22.79589292213354,-43.1800961440024,Burger Joint
29,Bancários,-22.792450500380458,-43.180994104672784,Panificação Oceano,-22.79532516925923,-43.177408848559026,Bakery
32,Bancários,-22.792450500380458,-43.180994104672784,Valão Grill,-22.7896745502949,-43.18205203861,Comfort Food Restaurant
33,Bancários,-22.792450500380458,-43.180994104672784,Saborano Pizza,-22.789690358391837,-43.179675228993815,Pizza Place
34,Bancários,-22.792450500380458,-43.180994104672784,Vicente,-22.795193167862806,-43.182451311396854,Fast Food Restaurant
37,Bancários,-22.792450500380458,-43.180994104672784,Legionários,-22.789376486821887,-43.178719880755494,Burger Joint
38,Bancários,-22.792450500380458,-43.180994104672784,botequim carioca,-22.795613602730693,-43.18337728205051,Restaurant
42,Galeão,-22.80781077420843,-43.23639510700301,Fruit,-22.81147247280927,-43.237745761871345,American Restaurant
45,Portuguesa,-22.79977472008209,-43.2072156199406,Coxinha Lanches,-22.799651819803074,-43.21078507962129,Burger Joint
46,Portuguesa,-22.79977472008209,-43.2072156199406,Village Griffe do Pão,-22.800055259261413,-43.20275376640997,Bakery
48,Portuguesa,-22.79977472008209,-43.2072156199406,Sabor Malagueta,-22.79594252905039,-43.20911187808324,Brazilian Restaurant
51,Portuguesa,-22.79977472008209,-43.2072156199406,Brazuka Grill,-22.79935481997485,-43.202759609864,Bar
57,Tauá,-22.797700113397866,-43.1866464442446,Panificação & Confeitaria Vale de Cambra,-22.79902683022264,-43.186970819375,Bakery
62,Tauá,-22.797700113397866,-43.1866464442446,Rei do Bolinho de Bacalhau,-22.795611412660136,-43.18337770328501,Seafood Restaurant
64,Tauá,-22.797700113397866,-43.1866464442446,Panificação Tauá,-22.79561002929422,-43.183377949358686,Bakery
68,Tauá,-22.797700113397866,-43.1866464442446,Rey Da Linguiça No Pão,-22.798905107506105,-43.186470921030825,Brazilian Restaurant
77,Flamengo,-22.934710781954674,-43.17418204972766,Boteco Belmonte,-22.935104478108386,-43.17425527850102,Dive Bar
78,Flamengo,-22.934710781954674,-43.17418204972766,Julieta Restaurante,-22.936378189805595,-43.17447483074532,French Restaurant
81,Flamengo,-22.934710781954674,-43.17418204972766,Julieta Bar,-22.936355928615626,-43.174090714735534,Cocktail Bar
83,Flamengo,-22.934710781954674,-43.17418204972766,Tacacá do Norte,-22.933035730871204,-43.17671748474741,Brazilian Restaurant
84,Flamengo,-22.934710781954674,-43.17418204972766,Mitsuo Japinha,-22.93612416101891,-43.177213710802825,Japanese Restaurant
85,Flamengo,-22.934710781954674,-43.17418204972766,Mestre-Cervejeiro.com,-22.933313271352624,-43.176856248759044,Beer Bar
88,Flamengo,-22.934710781954674,-43.17418204972766,Bonomia Lanches,-22.934571024776858,-43.17731874171532,Fast Food Restaurant
89,Flamengo,-22.934710781954674,-43.17418204972766,Samurai San,-22.93313428652235,-43.17547421083994,Japanese Restaurant
92,Flamengo,-22.934710781954674,-43.17418204972766,Café Lamas,-22.933885982171976,-43.17735397168251,Brazilian Restaurant
93,Flamengo,-22.934710781954674,-43.17418204972766,Bar do Elias,-22.93236951037712,-43.177547143041984,Bar
95,Flamengo,-22.934710781954674,-43.17418204972766,La Calaca Cocina Mexicana,-22.9362126665115,-43.17729752658927,Mexican Restaurant
100,Flamengo,-22.934710781954674,-43.17418204972766,Mundo das Pizzas,-22.933177385175068,-43.17529728616978,Pizza Place
101,Flamengo,-22.934710781954674,-43.17418204972766,Intihuasi,-22.933113619818048,-43.17570927487882,Peruvian Restaurant
102,Flamengo,-22.934710781954674,-43.17418204972766,Casa Vitana,-22.934831054368548,-43.177126016883115,Japanese Restaurant
106,Moneró,-22.796429204215773,-43.19759861389621,Beer16 Petiscaria,-22.799459506214895,-43.1972398986692,Bar
111,Moneró,-22.796429204215773,-43.19759861389621,Point do Village,-22.797389620888318,-43.20099597117481,Dive Bar
113,Moneró,-22.796429204215773,-43.19759861389621,Padaria e Mercearia Princesinha do Moneró,-22.795966997769614,-43.19836999437237,Bakery
118,Campo Grande,-22.882457854485132,-43.55022952624804,Aquarela dos Sucos,-22.8831328145697,-43.547187561721984,Juice Bar
121,Campo Grande,-22.882457854485132,-43.55022952624804,Barraca do Marcelo,-22.885018,-43.551722,Burger Joint
122,Campo Grande,-22.882457854485132,-43.55022952624804,Carolzinha Lanchonete,-22.885378,-43.549408,Fast Food Restaurant
129,Jardim América,-22.81025709177148,-43.32335379187597,Real Pizza,-22.81155248112418,-43.325221859849215,Pizza Place
131,Jardim América,-22.81025709177148,-43.32335379187597,América Grill,-22.81356632426832,-43.32573809291743,Restaurant
136,Jardim América,-22.81025709177148,-43.32335379187597,Raro's Burgues,-22.810713,-43.32558,Burger Joint
138,Jardim América,-22.81025709177148,-43.32335379187597,Boca Nervosa Lanches,-22.80828792386454,-43.32152712650434,Burger Joint
139,Jardim América,-22.81025709177148,-43.32335379187597,Padaria da Rua Sete,-22.810623747534336,-43.32768119628628,Bakery
140,Vigário Geral,-22.80902209344595,-43.31021646795761,Pega Leve Pizza,-22.812279895453035,-43.309867685421935,Pizza Place
152,Cocotá,-22.804117406743952,-43.18041252119809,Ilha Lanches,-22.807446413051558,-43.17921455352929,Fast Food Restaurant
154,Jardim Carioca,-22.805672456120156,-43.193000392997824,Social Burguer,-22.8089221613585,-43.19580672502961,Burger Joint
155,Jardim Carioca,-22.805672456120156,-43.193000392997824,Romanella Grill,-22.808841470111503,-43.19613107938333,Pizza Place
157,Jardim Carioca,-22.805672456120156,-43.193000392997824,Sushi Mix,-22.805010933387383,-43.19765358061739,Sushi Restaurant
159,Jardim Carioca,-22.805672456120156,-43.193000392997824,Restaurante e Pizzaria Zamak,-22.8088712668956,-43.19586653665789,Brazilian Restaurant
161,Jardim Carioca,-22.805672456120156,-43.193000392997824,Caju Lanches,-22.80626052526364,-43.19640597409987,Fast Food Restaurant
163,Jardim Carioca,-22.805672456120156,-43.193000392997824,Açaí Lanches,-22.80658025504359,-43.19203478058526,Burger Joint
166,Pavuna,-22.812686970311017,-43.3601047357289,Point da Família,-22.815724686605826,-43.36060791343428,Burger Joint
167,Pavuna,-22.812686970311017,-43.3601047357289,Padaria do Russo,-22.81441267408113,-43.36116189025925,Bakery
168,Pavuna,-22.812686970311017,-43.3601047357289,Flor da Pavuna - Padaria e Confeitaria,-22.80876357688467,-43.36194318477847,Bakery
171,Pavuna,-22.812686970311017,-43.3601047357289,Esquina do Russo,-22.815682646579088,-43.360964052326906,Bar
173,Pavuna,-22.812686970311017,-43.3601047357289,Bazileu,-22.80845876105603,-43.360383925122775,Bar
177,Pavuna,-22.812686970311017,-43.3601047357289,Dino's Lanches,-22.815801999999998,-43.357327000000005,Burger Joint
185,Parada de Lucas,-22.81569466284975,-43.300853800484674,Restaurante Sheknah,-22.815853,-43.301333,Brazilian Restaurant
190,Parada de Lucas,-22.81569466284975,-43.300853800484674,Pescoção Lanches,-22.814071482012935,-43.298417847191416,Burger Joint
191,Parada de Lucas,-22.81569466284975,-43.300853800484674,manels bar,-22.817698145057072,-43.30352819620733,Restaurant
193,Parada de Lucas,-22.81569466284975,-43.300853800484674,Lanchonete da Rosa,-22.81327298664125,-43.2985216481789,Pizza Place
194,Parada de Lucas,-22.81569466284975,-43.300853800484674,Bonde das pizzas,-22.81259645075809,-43.297323205492894,Pizza Place
199,Cordovil,-22.818924522298378,-43.29268320621141,Pensão da Elza,-22.81914621482328,-43.29055193722304,Brazilian Restaurant
200,Cordovil,-22.818924522298378,-43.29268320621141,padaria do flamengo,-22.816743055354557,-43.293595582251946,Bakery
201,Cordovil,-22.818924522298378,-43.29268320621141,Lanchonete da Elza,-22.8160457611084,-43.292964935302734,Burger Joint
203,Cordovil,-22.818924522298378,-43.29268320621141,Thata's Lanches,-22.816589999999998,-43.29052,Burger Joint
204,Cordovil,-22.818924522298378,-43.29268320621141,Super Hot,-22.822326999999998,-43.293673999999996,Burger Joint
209,Jardim Guanabara,-22.8128687571129,-43.20205745949093,Restaurante Lagostinne,-22.815888496046444,-43.20565803414581,Seafood Restaurant
213,Jardim Guanabara,-22.8128687571129,-43.20205745949093,Quiosque do Grego,-22.817278986691967,-43.2029343245864,Burger Joint
214,Jardim Guanabara,-22.8128687571129,-43.20205745949093,Sushiro Culinária Japonesa,-22.8134421554253,-43.20677472879365,Japanese Restaurant
215,Jardim Guanabara,-22.8128687571129,-43.20205745949093,Super Sanduicheria (Podrão),-22.81726664382898,-43.20294039774826,Burger Joint
217,Jardim Guanabara,-22.8128687571129,-43.20205745949093,Panificação Guanabara,-22.81301076731164,-43.20401102026628,Bakery
218,Jardim Guanabara,-22.8128687571129,-43.20205745949093,Sushi Mix Jardim Guanabara,-22.816467000000003,-43.204971,Japanese Restaurant
219,Parque Colúmbia,-22.81421287045919,-43.341984327380935,Simpatia Carioca,-22.81674159175468,-43.34319504820746,Restaurant
222,Parque Colúmbia,-22.81421287045919,-43.341984327380935,Mery Lanche Feliz,-22.81562519897089,-43.33947218094305,Burger Joint
223,Parque Colúmbia,-22.81421287045919,-43.341984327380935,Gastronomia Carioca,-22.812115591003913,-43.34011434902256,Brazilian Restaurant
225,Parque Colúmbia,-22.81421287045919,-43.341984327380935,Dom Carioca Restaurante,-22.812299673060185,-43.339694774674136,Restaurant
227,Parque Colúmbia,-22.81421287045919,-43.341984327380935,Restaurante Amarelinho,-22.812123871859136,-43.339583443602905,Brazilian Restaurant
228,Parque Colúmbia,-22.81421287045919,-43.341984327380935,Bar e Restaurante Ceará,-22.813265619285445,-43.33770999880785,Brazilian Restaurant
229,Parque Colúmbia,-22.81421287045919,-43.341984327380935,Ninja,-22.814263168132328,-43.33729040426281,Pizza Place
231,Praia da Bandeira,-22.810456150350376,-43.17960240608539,Tudão,-22.811132997827173,-43.18356264732506,Burger Joint
234,Praia da Bandeira,-22.810456150350376,-43.17960240608539,Ilha Lanches,-22.807446413051558,-43.17921455352929,Fast Food Restaurant
240,Pitangueiras,-22.816953653518404,-43.17999210024178,Mouras Bar,-22.81922211534931,-43.17783034081759,Bakery
243,Penha Circular,-22.83127285366351,-43.285813546343505,Bar da Antonia,-22.83005088333275,-43.2884849844331,Bar
252,Bangu,-22.85749831488381,-43.48508756308416,Habib's,-22.85445767440101,-43.48675787909976,Fast Food Restaurant
257,Bangu,-22.85749831488381,-43.48508756308416,Barbearia Dom Petrux,-22.854533,-43.487734,Salon / Barbershop
258,Bangu,-22.85749831488381,-43.48508756308416,padaria Jeferson,-22.8583,-43.4807,Bakery
267,Irajá,-22.8350855934604,-43.3259713277105,Padaria Rio 95,-22.83653826163568,-43.32539546233819,Bakery
270,Irajá,-22.8350855934604,-43.3259713277105,Du Dudu Kilo Grill,-22.83374343173105,-43.32764885310108,Restaurant
272,Irajá,-22.8350855934604,-43.3259713277105,Pizzaria Italia Carioca,-22.836745999999998,-43.325494,Pizza Place
273,Irajá,-22.8350855934604,-43.3259713277105,Habib's,-22.832668924379192,-43.32830222443869,Fast Food Restaurant
274,Irajá,-22.8350855934604,-43.3259713277105,Padaria e Confeitaria Riger,-22.837888987927613,-43.32441643081745,Bakery
279,Coelho Neto,-22.832110316247906,-43.350437524730985,Padaria,-22.830301336158534,-43.35137553882564,Bakery
290,Anchieta,-22.823903796233125,-43.39974736378031,Point da Família - Anchieta,-22.821380639008414,-43.39882937908549,Fast Food Restaurant
304,Acari,-22.822160821365145,-43.34100111074074,Pizzaria Tropical,-22.82483358811626,-43.34343781903974,Pizza Place
313,Guadalupe,-22.83886219126798,-43.375409854959294,Bocão Lanches,-22.839031241184987,-43.378820719890086,Burger Joint
316,Guadalupe,-22.83886219126798,-43.375409854959294,Luck's Bar,-22.83867440669889,-43.37901250982196,Bar
317,Guadalupe,-22.83886219126798,-43.375409854959294,Padaria Caprichos do Trigo,-22.835719749168376,-43.37556151125594,Bakery
318,Guadalupe,-22.83886219126798,-43.375409854959294,Crepearte,-22.8380456182231,-43.37330140618501,Pizza Place
319,Guadalupe,-22.83886219126798,-43.375409854959294,Erick Lanches,-22.84016977,-43.37786766,Fast Food Restaurant
322,Guadalupe,-22.83886219126798,-43.375409854959294,MDM Pizzaria e Bar,-22.84173267238448,-43.376872341070545,Pizza Place
324,Guadalupe,-22.83886219126798,-43.375409854959294,Japa Louco Culinária Oriental,-22.842273285786327,-43.37426870972404,Japanese Restaurant
327,Guadalupe,-22.83886219126798,-43.375409854959294,General Burger,-22.835302695867423,-43.37804532323575,Burger Joint
332,Brás de Pina,-22.83114198013419,-43.297288580502396,Estação do Pão de Brás de Pina,-22.82770118663296,-43.2953367471436,Bakery
336,Penha,-22.837928976234483,-43.276003362973356,Experimenta Lanches,-22.836089774105968,-43.275855087946475,Burger Joint
337,Penha,-22.837928976234483,-43.276003362973356,Domino's Pizza,-22.83959545249463,-43.2793108591379,Pizza Place
339,Penha,-22.837928976234483,-43.276003362973356,Music Beer,-22.83848010015438,-43.27823642536854,Southeastern Brazilian Restaurant
340,Penha,-22.837928976234483,-43.276003362973356,Sabor do Pão,-22.8397644759683,-43.27575016658972,Bakery
341,Penha,-22.837928976234483,-43.276003362973356,Espaço Mix,-22.83904679236113,-43.2798544142791,Bar
344,Penha,-22.837928976234483,-43.276003362973356,Império Gourmet,-22.83675806507494,-43.278320709022935,Restaurant
354,Zumbi,-22.821115765672374,-43.17601439632831,Biroska do Camarão,-22.823426550342027,-43.178457486009606,Bar
355,Zumbi,-22.821115765672374,-43.17601439632831,Padaria Spider,-22.821098585465432,-43.17700304606177,Bakery
357,Zumbi,-22.821115765672374,-43.17601439632831,Yaki-Koni - Culinária Oriental,-22.821550894283504,-43.176657780228176,Japanese Restaurant
358,Zumbi,-22.821115765672374,-43.17601439632831,Mouras Bar,-22.81922211534931,-43.17783034081759,Bakery
359,Zumbi,-22.821115765672374,-43.17601439632831,Crepes & Papos,-22.823685,-43.175255,Burger Joint
365,Ribeira,-22.82340875686182,-43.16920894177059,Pontapé Beach,-22.825212162667757,-43.168978361492655,Dive Bar
366,Ribeira,-22.82340875686182,-43.16920894177059,Planeta da Ribeira,-22.824732400500828,-43.16945170219724,Bar
368,Ribeira,-22.82340875686182,-43.16920894177059,Boteco do Carlito's,-22.824786217020193,-43.16939960384158,Dive Bar
370,Ribeira,-22.82340875686182,-43.16920894177059,Sushi Barcellos,-22.825035290815496,-43.17077582741982,Japanese Restaurant
373,Ribeira,-22.82340875686182,-43.16920894177059,Padaria da Ribeira,-22.82456059369877,-43.16943184544698,Bakery
374,Ribeira,-22.82340875686182,-43.16920894177059,Pizzarola,-22.825813345498613,-43.16963928753744,Pizza Place
375,Ribeira,-22.82340875686182,-43.16920894177059,Temakeria Top Koni,-22.82565188618652,-43.16901194467509,Japanese Restaurant
376,Ribeira,-22.82340875686182,-43.16920894177059,Zero Grau Chopperia,-22.825087692555165,-43.17097417284587,Bar
379,Ribeira,-22.82340875686182,-43.16920894177059,Alemão da Ribeira,-22.825721269608174,-43.169665707556184,German Restaurant
380,Ribeira,-22.82340875686182,-43.16920894177059,Hip Hang Rock & Bar,-22.823118,-43.17112,Beer Bar
381,Ribeira,-22.82340875686182,-43.16920894177059,Mercado Maravilha Da Ribeira,-22.82402130168743,-43.169468145886725,Bakery
390,Parque Anchieta,-22.836255172680826,-43.415245155275194,Brutu's lanches,-22.832669434914983,-43.413913550713566,Burger Joint
394,Vista Alegre,-22.83015341618745,-43.314998854692405,Bar do Adão,-22.831366948314127,-43.31887734453335,Bar
399,Vista Alegre,-22.83015341618745,-43.314998854692405,Sushi da Praça,-22.831626497070587,-43.31890256469853,Japanese Restaurant
403,Vista Alegre,-22.83015341618745,-43.314998854692405,Trio Bar,-22.82933394967513,-43.31935034594603,Bar
404,Vista Alegre,-22.83015341618745,-43.314998854692405,TK burguer house,-22.829026208099275,-43.319290310190304,Burger Joint
408,Vista Alegre,-22.83015341618745,-43.314998854692405,Panificação Rio 2004,-22.82643040584915,-43.31561284682642,Bakery
409,Vista Alegre,-22.83015341618745,-43.314998854692405,Brasil 500,-22.831045633970124,-43.31877864123874,Pizza Place
410,Vista Alegre,-22.83015341618745,-43.314998854692405,Los Cabrones,-22.83084622780312,-43.31900755435106,Mexican Restaurant
412,Vista Alegre,-22.83015341618745,-43.314998854692405,Hong Kong Yakisobas,-22.827697166562398,-43.3179569472536,Asian Restaurant
414,Vista Alegre,-22.83015341618745,-43.314998854692405,Panificadora São Félix,-22.83319705725023,-43.31838613683919,Bakery
417,Ricardo de Albuquerque,-22.837383692118987,-43.39706304589202,Frangolino conveniência e Restaurante,-22.836201069121426,-43.396376059170244,Restaurant
422,Ricardo de Albuquerque,-22.837383692118987,-43.39706304589202,Padaria Rosquinha de Ouro,-22.834959805250133,-43.39688933572359,Bakery
424,Ricardo de Albuquerque,-22.837383692118987,-43.39706304589202,Point da Familia sucos e lanches,-22.83672727677515,-43.393932036776974,Juice Bar
426,Ricardo de Albuquerque,-22.837383692118987,-43.39706304589202,Pop's Pizzaria,-22.835058,-43.399326,Pizza Place
431,Ricardo de Albuquerque,-22.837383692118987,-43.39706304589202,Empório Do Pão,-22.838407999999998,-43.40058,Bakery
434,Ricardo de Albuquerque,-22.837383692118987,-43.39706304589202,Padaria Mimosa - Anchieta,-22.834251307808696,-43.39360709991148,Bakery
440,Colégio,-22.83936032957796,-43.33611132701015,Trópicos Pescados,-22.83600023008245,-43.33795515354005,Seafood Restaurant
443,Colégio,-22.83936032957796,-43.33611132701015,Lanche do Thiago,-22.84283828735352,-43.33329391479492,American Restaurant
448,Olaria,-22.84758667828684,-43.26994047983021,Botequim Rio Antigo,-22.846684426258488,-43.26772902231043,Bar
451,Olaria,-22.84758667828684,-43.26994047983021,Estação Sabor,-22.85078670653344,-43.269783755849794,Bakery
455,Olaria,-22.84758667828684,-43.26994047983021,Bharmacia,-22.84493982389859,-43.26610929788416,Bar
457,Olaria,-22.84758667828684,-43.26994047983021,Espaço Haru Mix,-22.847254985421337,-43.268220813668854,Asian Restaurant
458,Olaria,-22.84758667828684,-43.26994047983021,Bob's,-22.84967956931396,-43.271550250895395,Fast Food Restaurant
461,Olaria,-22.84758667828684,-43.26994047983021,Restaurante Sabor Do Rio,-22.84958911739134,-43.271425387709044,Brazilian Restaurant
462,Olaria,-22.84758667828684,-43.26994047983021,Vuco Vuco Bar,-22.84951554421893,-43.27124403762379,Bar
468,Olaria,-22.84758667828684,-43.26994047983021,Padaria Requinte,-22.851093358445354,-43.270701577733725,Bakery
470,Olaria,-22.84758667828684,-43.26994047983021,Bobs,-22.8499686254459,-43.27380150210671,Burger Joint
472,Vila da Penha,-22.843401752440272,-43.310109792212955,Shimaki Culinária Japonesa,-22.845350778094808,-43.310848603541146,Japanese Restaurant
474,Vila da Penha,-22.843401752440272,-43.310109792212955,Frango & Cia,-22.844083324149622,-43.30944707086884,Brazilian Restaurant
476,Vila da Penha,-22.843401752440272,-43.310109792212955,O Original do Brás,-22.84183265660104,-43.30908463203362,Bar
479,Vila da Penha,-22.843401752440272,-43.310109792212955,Belo Brasa,-22.84408039035147,-43.30937238199232,Restaurant
480,Vila da Penha,-22.843401752440272,-43.310109792212955,Othuki Sushi,-22.845913501400698,-43.307591924720136,Sushi Restaurant
483,Vila da Penha,-22.843401752440272,-43.310109792212955,DBK Hamburgueria Gourmet,-22.84000020037457,-43.3126531734985,Burger Joint
485,Vila da Penha,-22.843401752440272,-43.310109792212955,Boa Boca,-22.84574695078939,-43.31037023947953,Pizza Place
487,Vila da Penha,-22.843401752440272,-43.310109792212955,Boteco do Helinho,-22.844666161247968,-43.30901804786917,Bar
488,Vila da Penha,-22.843401752440272,-43.310109792212955,Cucamonga,-22.845007260467344,-43.30860679501024,Mexican Restaurant
489,Vila da Penha,-22.843401752440272,-43.310109792212955,Restaurante Carne de Sol e Cia.,-22.841788073135323,-43.31217968091664,Brazilian Restaurant
492,Vila da Penha,-22.843401752440272,-43.310109792212955,Pepito's Bar,-22.84332311593687,-43.30729127416152,Bar
494,Vila da Penha,-22.843401752440272,-43.310109792212955,GG Pizza!,-22.840496319778172,-43.30651081357571,Pizza Place
496,Vila da Penha,-22.843401752440272,-43.310109792212955,Artur O Rei Do Peixe,-22.843008924438532,-43.31040083167668,Seafood Restaurant
498,Vila da Penha,-22.843401752440272,-43.310109792212955,Caprixo e Caprixado,-22.84578010381973,-43.3104773093506,Brazilian Restaurant
499,Vila da Penha,-22.843401752440272,-43.310109792212955,Pizzaria O Forno Jr.,-22.84515607284921,-43.31092856168055,Pizza Place
502,Maré,-22.859797120953196,-43.24237177743333,Mouton Rouge,-22.86170300812173,-43.24614906231506,Brazilian Restaurant
503,Maré,-22.859797120953196,-43.24237177743333,Restaurante Verdinho,-22.862601051016497,-43.24485989446352,Brazilian Restaurant
504,Maré,-22.859797120953196,-43.24237177743333,restaurante 3° andar - Gastroservice,-22.861222467193265,-43.245535375460186,Restaurant
515,Vila Militar,-22.861488146458484,-43.40327197639196,Restaurante do Círculo Militar da Vila Militar,-22.862237473926026,-43.403147117000884,Brazilian Restaurant
521,Rocha Miranda,-22.849952583455032,-43.34645783794322,Julio's Batata,-22.851194499160005,-43.344685605295325,Burger Joint
522,Rocha Miranda,-22.849952583455032,-43.34645783794322,Chitão,-22.85339828439397,-43.34955096244812,Burger Joint
524,Rocha Miranda,-22.849952583455032,-43.34645783794322,Bella Roma,-22.85312290828911,-43.34983101373216,Italian Restaurant
533,Ramos,-22.85207730945127,-43.25622051872188,Bob's,-22.852403960360636,-43.254372939574345,Burger Joint
534,Ramos,-22.85207730945127,-43.25622051872188,Padaria Aurora,-22.850243892930852,-43.25791244970323,Bakery
538,Realengo,-22.88100286085761,-43.433711437276976,Xodó de Realengo,-22.87790336787755,-43.43473424456321,Restaurant
539,Realengo,-22.88100286085761,-43.433711437276976,Fred's Burguer,-22.879276724110003,-43.43666979119173,Burger Joint
540,Realengo,-22.88100286085761,-43.433711437276976,Armazém Real,-22.87818258805786,-43.43276794839078,Restaurant
543,Realengo,-22.88100286085761,-43.433711437276976,Padaria Do Filé,-22.8782016345408,-43.43486371650856,Restaurant
544,Realengo,-22.88100286085761,-43.433711437276976,Domino's Pizza,-22.878002,-43.437121999999995,Pizza Place
548,Realengo,-22.88100286085761,-43.433711437276976,Rua Nepomuceno,-22.88183279388021,-43.436365710156046,Beer Bar
549,Realengo,-22.88100286085761,-43.433711437276976,Bomba Lanches Burger,-22.88183160676391,-43.43636522790275,Burger Joint
552,Realengo,-22.88100286085761,-43.433711437276976,Restaurante Do Filé!,-22.87810709416565,-43.43497945603871,Restaurant
554,Vila Kosmos,-22.85401979641891,-43.30345589946461,Mercado VITORIA Do Ipase,-22.853163000000002,-43.302456,Bakery
555,Vila Kosmos,-22.85401979641891,-43.30345589946461,Bonde do Yakisoba,-22.85069060908149,-43.305187761302996,Chinese Restaurant
560,Marechal Hermes,-22.85929980179739,-43.37069524613886,Boteco 05,-22.86142287185822,-43.37064825194714,Bar
561,Marechal Hermes,-22.85929980179739,-43.37069524613886,Pizzaria e Pastelaria Lux,-22.86180721549423,-43.371414875183945,Pizza Place
564,Marechal Hermes,-22.85929980179739,-43.37069524613886,Padaria e Confeitaria Nova Lux,-22.861854065802603,-43.37147791648418,Bakery
565,Marechal Hermes,-22.85929980179739,-43.37069524613886,Espaço Mix Gourmet,-22.86091350075393,-43.36998254112415,Brazilian Restaurant
567,Marechal Hermes,-22.85929980179739,-43.37069524613886,A Garotinha,-22.859818415244646,-43.370204360032645,Restaurant
572,Marechal Hermes,-22.85929980179739,-43.37069524613886,Padaria e Conf. Central de Marechal Hermes,-22.858826749826488,-43.37025790096471,Bakery
573,Marechal Hermes,-22.85929980179739,-43.37069524613886,Pizzaria Paladar,-22.860284001338965,-43.37003702104826,Pizza Place
574,Marechal Hermes,-22.85929980179739,-43.37069524613886,Restaurante Nova Lux,-22.861268186618126,-43.370977856504794,Brazilian Restaurant
575,Marechal Hermes,-22.85929980179739,-43.37069524613886,Yakisoba - Estação Marechal Hermes,-22.861314,-43.370694,Japanese Restaurant
577,Marechal Hermes,-22.85929980179739,-43.37069524613886,Renato's Bar,-22.860692272098227,-43.368552326112415,Brazilian Restaurant
580,Marechal Hermes,-22.85929980179739,-43.37069524613886,Garatuja Gourmet Self Service.,-22.862561974405715,-43.37215215367063,Brazilian Restaurant
582,Vicente de Carvalho,-22.857181580425586,-43.3156122450666,Adega D'Ouro,-22.853693856296555,-43.314341762706576,Portuguese Restaurant
590,Engenho da Rainha,-22.86303806378977,-43.294214108121565,Verão Vermelho Panificadora,-22.865466170064465,-43.29601743460066,Bakery
593,Engenho da Rainha,-22.86303806378977,-43.294214108121565,Quiosque Do Macarrão,-22.866697,-43.296603999999995,Bar
601,Complexo do Alemão,-22.86132882211473,-43.273599619202855,Lanchonete Big Favella - o verdadeiro sabor do complexo do alemão,-22.860670827037463,-43.27204070569257,Burger Joint
603,Complexo do Alemão,-22.86132882211473,-43.273599619202855,Experimenta Lanches,-22.86334824174113,-43.2717669033744,Fast Food Restaurant
617,Padre Miguel,-22.87905564359551,-43.44964089408757,Bar da Vilma,-22.87950223234758,-43.451366494005995,Bar
618,Padre Miguel,-22.87905564359551,-43.44964089408757,Barril 8000,-22.878412194760124,-43.44948894701145,Restaurant
619,Padre Miguel,-22.87905564359551,-43.44964089408757,Gostinho do Sul Padaria e Confeitaria,-22.87812608929619,-43.447834392073695,Bakery
620,Padre Miguel,-22.87905564359551,-43.44964089408757,Deck Carioca,-22.879029167587237,-43.45083200930449,Bar
621,Padre Miguel,-22.87905564359551,-43.44964089408757,Japinha Carioca Culinária Oriental,-22.87918216723148,-43.45363003523984,Japanese Restaurant
622,Padre Miguel,-22.87905564359551,-43.44964089408757,Mariah Culinária Oriental,-22.87868748163525,-43.44955395146071,Japanese Restaurant
623,Padre Miguel,-22.87905564359551,-43.44964089408757,McDonald's,-22.877054112039676,-43.446470306324464,Fast Food Restaurant
626,Padre Miguel,-22.87905564359551,-43.44964089408757,Império D'Itália,-22.879660159662485,-43.45435307331928,Italian Restaurant
628,Padre Miguel,-22.87905564359551,-43.44964089408757,Planeta Japa,-22.881010999999997,-43.451777,Restaurant
638,Bento Ribeiro,-22.86704088884522,-43.36067182646321,Padaria Delirio dos Pães,-22.86542464487441,-43.36268602257071,Bakery
643,Bonsucesso,-22.865931589836674,-43.253802876888095,Kukas Lanches,-22.867949482975398,-43.25475541875642,Fast Food Restaurant
644,Bonsucesso,-22.865931589836674,-43.253802876888095,Chapéu de Couro,-22.86389858451624,-43.25151689438066,Northeastern Brazilian Restaurant
646,Bonsucesso,-22.865931589836674,-43.253802876888095,Domino's Pizza,-22.864257927575146,-43.253433538105526,Pizza Place
648,Bonsucesso,-22.865931589836674,-43.253802876888095,Restaurante Bom na Brasa,-22.865540480502986,-43.2541741216159,Brazilian Restaurant
651,Bonsucesso,-22.865931589836674,-43.253802876888095,Bob's,-22.86517282734841,-43.25301914628273,Fast Food Restaurant
653,Bonsucesso,-22.865931589836674,-43.253802876888095,Báltico Restaurante,-22.865838618466547,-43.2522816075615,Restaurant
655,Bonsucesso,-22.865931589836674,-43.253802876888095,Sabor BomSucesso Restaurante,-22.865111864634407,-43.25519606850558,Restaurant
656,Bonsucesso,-22.865931589836674,-43.253802876888095,PP Gastrô,-22.8629403454838,-43.25336847337508,Latin American Restaurant
659,Bonsucesso,-22.865931589836674,-43.253802876888095,Gargalo's Sushi,-22.862697159595843,-43.254576819633655,Japanese Restaurant
660,Bonsucesso,-22.865931589836674,-43.253802876888095,Burburinho Bar e Restaurante,-22.864690918519692,-43.250285774732745,Bar
661,Bonsucesso,-22.865931589836674,-43.253802876888095,Boisucesso Restaurante,-22.8626656485483,-43.25366662330593,Brazilian Restaurant
664,Bonsucesso,-22.865931589836674,-43.253802876888095,Restaurante Bom na Brasa,-22.867706552632512,-43.25488475708311,Brazilian Restaurant
667,Bonsucesso,-22.865931589836674,-43.253802876888095,Spoleto Culinária Italiana,-22.864392157787094,-43.25336938697996,Italian Restaurant
668,Bonsucesso,-22.865931589836674,-43.253802876888095,Padaria e Confeitaria Sabor do Grão,-22.86266522186253,-43.25413487035009,Bakery
674,Inhaúma,-22.87193674709033,-43.281783358407935,Universo das pizzas,-22.87195665308285,-43.281688921957816,Pizza Place
675,Inhaúma,-22.87193674709033,-43.281783358407935,Adega Rio Agueda,-22.872217382950648,-43.280966786061974,Brazilian Restaurant
683,Inhaúma,-22.87193674709033,-43.281783358407935,Alô Delivery Pizzas,-22.86896923825201,-43.281268857287436,Fast Food Restaurant
684,Inhaúma,-22.87193674709033,-43.281783358407935,MC Lanches do Gordão,-22.87498175198163,-43.27903159960445,Burger Joint
690,Tomás Coelho,-22.867174110597407,-43.30601077684911,Crazy Burguer,-22.86580908402894,-43.30149875760476,Burger Joint
692,Madureira,-22.872367307189112,-43.33656558679708,Frigideira & Cia,-22.87510517062537,-43.336434549555605,Brazilian Restaurant
702,Madureira,-22.872367307189112,-43.33656558679708,Sorrisos Central Lanches E Restaurante,-22.87229272404335,-43.34107963361806,Restaurant
703,Madureira,-22.872367307189112,-43.33656558679708,Boteco Do Ze.com.br,-22.87600647873275,-43.336657601179105,Dive Bar
705,Madureira,-22.872367307189112,-43.33656558679708,McDonald's,-22.87404960303989,-43.33699618499795,Fast Food Restaurant
706,Madureira,-22.872367307189112,-43.33656558679708,Frigideira e Cia,-22.875401854768338,-43.33894158110797,Restaurant
707,Madureira,-22.872367307189112,-43.33656558679708,Arte Popular Madureira,-22.873946512164288,-43.339232791751115,Brazilian Restaurant
713,Madureira,-22.872367307189112,-43.33656558679708,Bob's,-22.875566891747514,-43.335949515507046,Fast Food Restaurant
716,Madureira,-22.872367307189112,-43.33656558679708,Bob's,-22.87087438632783,-43.33579608568717,Fast Food Restaurant
721,Osvaldo Cruz,-22.87154710992599,-43.350810460110495,Adega Góes,-22.868365616057407,-43.3520257831207,Wine Bar
723,Osvaldo Cruz,-22.87154710992599,-43.350810460110495,Ching Ling Oswaldo Cruz,-22.86960919061965,-43.34979657992074,Asian Restaurant
727,Osvaldo Cruz,-22.87154710992599,-43.350810460110495,Padaria e Confeitaria Antônio Carlos,-22.86761346713325,-43.352256906105794,Bakery
729,Santíssimo,-22.87438997869837,-43.52030967473029,Bar Do Pedrinho,-22.871866723131404,-43.51818019349932,Southeastern Brazilian Restaurant
736,Magalhães Bastos,-22.87254646368401,-43.41364591536331,Panificadora Nossa Senhora da Conceição,-22.87115343424035,-43.41397865858772,Bakery
739,Magalhães Bastos,-22.87254646368401,-43.41364591536331,Porcão Gourmet,-22.87545408811913,-43.41572622003263,Brazilian Restaurant
742,Senador Camará,-22.89679257123721,-43.48982814874945,Texas Music,-22.89711382814344,-43.49254402475014,Restaurant
744,Cavalcanti,-22.870737314684835,-43.316732825256665,Della Luna,-22.870713020712767,-43.313174299805375,Pizza Place
746,Cavalcanti,-22.870737314684835,-43.316732825256665,Mc Doyle Lanches,-22.868408578161894,-43.31637693187313,Burger Joint
747,Cavalcanti,-22.870737314684835,-43.316732825256665,Panificadora Cabral,-22.86836026199093,-43.3163571327439,Bakery
757,Higienópolis,-22.87389499829917,-43.261780626887244,Brooklyn Burger & Beer,-22.87295250118906,-43.258388593212054,Burger Joint
760,Higienópolis,-22.87389499829917,-43.261780626887244,Bela Grécia,-22.87397714022792,-43.26561320923607,Bakery
766,Higienópolis,-22.87389499829917,-43.261780626887244,Bar do Albérico,-22.875946959876032,-43.263013882716464,Restaurant
767,Higienópolis,-22.87389499829917,-43.261780626887244,Padaria Montalvan,-22.87265066091407,-43.25906177568372,Bakery
768,Higienópolis,-22.87389499829917,-43.261780626887244,Bob's,-22.87182409920873,-43.25822359176753,Fast Food Restaurant
769,Higienópolis,-22.87389499829917,-43.261780626887244,Burguer Grill,-22.87302174365871,-43.25829209376235,Burger Joint
774,Higienópolis,-22.87389499829917,-43.261780626887244,Burger & Shake,-22.875826562098567,-43.265426545263,Burger Joint
776,Higienópolis,-22.87389499829917,-43.261780626887244,Buka Lanches,-22.87221441677669,-43.265870349216506,Burger Joint
778,Abolição,-22.885969795595077,-43.29941238560234,Esquina do Espeto,-22.887830095678968,-43.30274010443252,Restaurant
781,Abolição,-22.885969795595077,-43.29941238560234,Rei do Bacalhau,-22.88982576830729,-43.30084143406589,Portuguese Restaurant
782,Abolição,-22.885969795595077,-43.29941238560234,Via Mix Fast Food,-22.885196145751834,-43.298843412898904,Fast Food Restaurant
783,Abolição,-22.885969795595077,-43.29941238560234,Tabajara Pizza Show,-22.884065373223425,-43.297762008703394,Pizza Place
785,Abolição,-22.885969795595077,-43.29941238560234,Choppinho da Abolição,-22.88542769938467,-43.299582103307884,Bar
789,Abolição,-22.885969795595077,-43.29941238560234,Padaria Flor Luzitania,-22.88603065716659,-43.30273012510572,Bakery
798,Abolição,-22.885969795595077,-43.29941238560234,Boy Viny Lanches,-22.88397216796875,-43.29894256591797,Burger Joint
800,Abolição,-22.885969795595077,-43.29941238560234,Cti Do Chopp,-22.88663812840195,-43.30210736831709,Restaurant
804,Manguinhos,-22.880557172302037,-43.24578965607693,Restaurante Laboratório Culinário,-22.879169587114333,-43.24197454781865,Brazilian Restaurant
805,Manguinhos,-22.880557172302037,-43.24578965607693,Bar do Magno,-22.88357324467199,-43.247557814114735,Bar
816,Saúde,-22.897271828735164,-43.18429205556535,Jazz in' Champanheria,-22.897690697717252,-43.18286752465191,Champagne Bar
817,Saúde,-22.897271828735164,-43.18429205556535,Gracioso,-22.897443473331567,-43.18513148081982,Bar
820,Saúde,-22.897271828735164,-43.18429205556535,Recanto dos Sabores,-22.89740005850982,-43.185288716207246,Burger Joint
823,Saúde,-22.897271828735164,-43.18429205556535,Armazém Zero4,-22.897791462190238,-43.18428397116927,Dive Bar
825,Saúde,-22.897271828735164,-43.18429205556535,Lanchonete Royal,-22.897083211365604,-43.18262599371776,Brazilian Restaurant
832,Saúde,-22.897271828735164,-43.18429205556535,Angu do Gomes,-22.897520654180287,-43.18413757150247,Brazilian Restaurant
833,Saúde,-22.897271828735164,-43.18429205556535,Belga Brasserie,-22.901329999999998,-43.182829999999996,Belgian Restaurant
836,Saúde,-22.897271828735164,-43.18429205556535,Casa Paladino,-22.900959918249693,-43.18202347990653,Bar
838,Saúde,-22.897271828735164,-43.18429205556535,Rio Park Restaurante,-22.897517806590415,-43.183059367139215,Brazilian Restaurant
839,Saúde,-22.897271828735164,-43.18429205556535,Bodega do Sal,-22.89799920442779,-43.185490633244534,Dive Bar
841,Pilares,-22.879077097652036,-43.29576399810339,Padaria Forno Antigo,-22.877742576378964,-43.292125907036365,Bakery
847,Pilares,-22.879077097652036,-43.29576399810339,Restaurante Bom na Brasa,-22.880718989711717,-43.2939661440156,Restaurant
850,Pilares,-22.879077097652036,-43.29576399810339,Habib's,-22.88101863622239,-43.29360973823583,Fast Food Restaurant
860,Del Castilho,-22.879775754755823,-43.272084877820156,Restaurante Siri,-22.877656897686144,-43.27157614642779,Seafood Restaurant
870,Del Castilho,-22.879775754755823,-43.272084877820156,Boteco do Manolo,-22.87839587498645,-43.271862085204226,Bar
874,Del Castilho,-22.879775754755823,-43.272084877820156,Pizza Hut,-22.878526615949067,-43.27125891058878,Pizza Place
875,Del Castilho,-22.879775754755823,-43.272084877820156,Casa 10,-22.87820159931137,-43.272260427474976,Bar
880,Del Castilho,-22.879775754755823,-43.272084877820156,Kimura Culinária Japonesa,-22.877296660046447,-43.27145581702685,Japanese Restaurant
882,Del Castilho,-22.879775754755823,-43.272084877820156,Beluga,-22.878506927976822,-43.2716083927391,Brazilian Restaurant
884,Jacarezinho,-22.887507927819208,-43.25765409142309,Na esquina da Dom Jaime Câmara,-22.888426467135268,-43.26034140476323,Dive Bar
885,Jacarezinho,-22.887507927819208,-43.25765409142309,Cachorrão Lanches,-22.89053575013577,-43.258268483700775,Burger Joint
887,Taquara,-22.921756979244247,-43.38453421405012,UTI  do  chopp,-22.91828960644585,-43.38664320906339,Bar
889,Taquara,-22.921756979244247,-43.38453421405012,Art Chopp,-22.92314705616993,-43.380622047225714,Bar
890,Taquara,-22.921756979244247,-43.38453421405012,Casa do Pão,-22.91822503698616,-43.38645593113557,Bakery
891,Taquara,-22.921756979244247,-43.38453421405012,D-Vino Restaurante,-22.918510370778947,-43.38634679116458,Brazilian Restaurant
892,Taquara,-22.921756979244247,-43.38453421405012,Padaria Castelo dos Pães,-22.918486133468452,-43.38468905849229,Bakery
893,Taquara,-22.921756979244247,-43.38453421405012,Sushi da Praça,-22.918336993234895,-43.385853510149715,Japanese Restaurant
895,Taquara,-22.921756979244247,-43.38453421405012,Taberna do Chopp,-22.917818508190926,-43.38664206211724,Bar
896,Taquara,-22.921756979244247,-43.38453421405012,El Loko,-22.918722649821092,-43.388008172055656,Mexican Restaurant
899,Taquara,-22.921756979244247,-43.38453421405012,Papo Sadio,-22.918515857644376,-43.38734790259935,Brazilian Restaurant
901,Taquara,-22.921756979244247,-43.38453421405012,Padaria e Confeitaria Dayani,-22.92392922903469,-43.38446090594051,Bakery
916,Cascadura,-22.88510597487239,-43.32996396178552,Reis Da Souto,-22.889084097459158,-43.32817631839376,Brazilian Restaurant
920,Cascadura,-22.88510597487239,-43.32996396178552,Tutto Pane,-22.8809557234975,-43.32826119597682,Bakery
921,Vila Valqueire,-22.887927446555143,-43.36704427960633,Padaria e Confeitaria Flor do Valqueire,-22.884364525990854,-43.36736981416364,Bakery
922,Vila Valqueire,-22.887927446555143,-43.36704427960633,Asa Rio,-22.8836800185384,-43.367165333228044,Restaurant
924,Vila Valqueire,-22.887927446555143,-43.36704427960633,Hora Extra Snack Bar,-22.8847573355028,-43.367856109200105,Bar
930,Vila Valqueire,-22.887927446555143,-43.36704427960633,Cabana's Restaurante,-22.885715248580212,-43.36648234845245,Brazilian Restaurant
932,Vila Valqueire,-22.887927446555143,-43.36704427960633,Padaria Julcina,-22.88559132094786,-43.36600106424543,Bakery
933,Vila Valqueire,-22.887927446555143,-43.36704427960633,Restaurante 810,-22.886483739133016,-43.36345812338194,Brazilian Restaurant
934,Vila Valqueire,-22.887927446555143,-43.36704427960633,Bistrô Aconchego,-22.888850885437364,-43.36584723595986,Bar
935,Vila Valqueire,-22.887927446555143,-43.36704427960633,La Mole,-22.885551,-43.365803,Italian Restaurant
938,Vila Valqueire,-22.887927446555143,-43.36704427960633,Aza Rio,-22.883799,-43.366997,Restaurant
939,Maria da Graça,-22.883087949234987,-43.26381255801197,Bar Amendoeira,-22.88536179170808,-43.265401309492866,Bar
940,Maria da Graça,-22.883087949234987,-43.26381255801197,Para-ai-Bar,-22.885515397154247,-43.26659030558997,Bar
941,Maria da Graça,-22.883087949234987,-43.26381255801197,Bar e Restaurante Limão com Mel,-22.882913081158968,-43.261319157069394,Bar
942,Maria da Graça,-22.883087949234987,-43.26381255801197,Bar Esquina do Metrô,-22.88288790950479,-43.26103207123023,Bar
948,Maria da Graça,-22.883087949234987,-43.26381255801197,Padaria do Anibal,-22.883073406592786,-43.267727322348634,Bakery
951,Maria da Graça,-22.883087949234987,-43.26381255801197,Confeitaria Arouca,-22.8814150800084,-43.26005227120935,Bakery
952,Quintino Bocaiúva,-22.89509831672265,-43.324685361029694,Bar do Vavá,-22.893511961998676,-43.32193965524476,Bar
954,Quintino Bocaiúva,-22.89509831672265,-43.324685361029694,Bomba Lanches,-22.891959135565664,-43.32403266305773,Burger Joint
955,Quintino Bocaiúva,-22.89509831672265,-43.324685361029694,Pão Italiano,-22.89375820730203,-43.321508262290536,Bakery
956,Quintino Bocaiúva,-22.89509831672265,-43.324685361029694,Bar E Restaurante M2,-22.894152263191728,-43.32010285834411,Brazilian Restaurant
958,Todos os Santos,-22.89485426249054,-43.28503942530225,Bronx Burger,-22.891388209391963,-43.28222886139976,Burger Joint
959,Todos os Santos,-22.89485426249054,-43.28503942530225,Va Benne,-22.891863,-43.282313346861535,Pizza Place
963,Todos os Santos,-22.89485426249054,-43.28503942530225,Camarote do Engenhão,-22.892557210011567,-43.28876566773342,Sports Bar
964,Todos os Santos,-22.89485426249054,-43.28503942530225,Big Nelson,-22.890850381296453,-43.283072617749184,Brazilian Restaurant
966,Jardim Sulacap,-22.89585328661941,-43.393990762872065,Pertinho Do Céu,-22.893944472016525,-43.39116765111017,Bar
970,Campinho,-22.885116846088806,-43.34732659527758,Pato Lanches,-22.88612475886615,-43.34833540923107,Burger Joint
971,Campinho,-22.885116846088806,-43.34732659527758,Casarão da Iaiá,-22.886821746826172,-43.34570693969727,Restaurant
972,Campinho,-22.885116846088806,-43.34732659527758,Padaria & confeitaria da Lili,-22.884678382442953,-43.34916498237485,Bakery
973,Campinho,-22.885116846088806,-43.34732659527758,Saad Gourmet,-22.885351551871143,-43.34841950085036,Bar
975,Campinho,-22.885116846088806,-43.34732659527758,Barril 8000 Vila Valqueire,-22.88172493592193,-43.35047521849375,Bar
978,Campinho,-22.885116846088806,-43.34732659527758,Julio Lanches,-22.886187450527334,-43.3470507528499,Burger Joint
979,Campinho,-22.885116846088806,-43.34732659527758,Lanches do Gaúcho (Cachorro Quente Prensado),-22.882747281778112,-43.345016580081996,Burger Joint
981,Campinho,-22.885116846088806,-43.34732659527758,GR Pizzaria & Self Service,-22.88224583201888,-43.349474926026105,Pizza Place
990,Campinho,-22.885116846088806,-43.34732659527758,Pizza Show 10,-22.88631248474121,-43.35128784179688,Pizza Place
995,Senador Vasconcelos,-22.894426627051878,-43.53005093521062,padaria e conveniência Fenix,-22.89233346588866,-43.529561006323824,Bakery
996,Senador Vasconcelos,-22.894426627051878,-43.53005093521062,Padaria e Lanchonete Craque da Massa,-22.89120906481915,-43.52995969234664,Bakery
997,Senador Vasconcelos,-22.894426627051878,-43.53005093521062,Croco Beach,-22.890862777483648,-43.528748025886486,Seafood Restaurant
998,Cosmos,-22.90816201902168,-43.612913957736865,Eskilan Burger,-22.90780231836068,-43.61325778473897,Burger Joint
999,Cosmos,-22.90816201902168,-43.612913957736865,Papito's Burg's,-22.90953874792028,-43.614205583075545,Burger Joint
1005,Cosmos,-22.90816201902168,-43.612913957736865,Padaria Flor de Cosmos,-22.910741353235387,-43.613764350243684,Bakery
1009,Cachambi,-22.88985314306488,-43.274161690314294,Folia do Boi,-22.890050890994967,-43.273729312144276,Bar
1010,Cachambi,-22.88985314306488,-43.274161690314294,Cachambeer,-22.88707591384314,-43.274449110031135,Bar
1015,Cachambi,-22.88985314306488,-43.274161690314294,Marcopão Lanchonete e Panificação,-22.892097985122103,-43.27278719684191,Bakery
1016,Cachambi,-22.88985314306488,-43.274161690314294,Evandro's Frutos do Mar,-22.88902756747436,-43.274330135405634,Seafood Restaurant
1018,Cachambi,-22.88985314306488,-43.274161690314294,Padaria Pães e Broas,-22.892973157406797,-43.27382528093742,Bakery
1022,Cachambi,-22.88985314306488,-43.274161690314294,Carioca Pizzaria,-22.88996894760817,-43.27502883031492,Pizza Place
1023,Cachambi,-22.88985314306488,-43.274161690314294,Sushi Brasil,-22.892141487514056,-43.277544759184416,Asian Restaurant
1025,Cachambi,-22.88985314306488,-43.274161690314294,China in Box,-22.893977623343343,-43.27246225106453,Chinese Restaurant
1026,Cachambi,-22.88985314306488,-43.274161690314294,Padaria Onitneva,-22.892073411808386,-43.27742203387722,Bakery
1027,Cachambi,-22.88985314306488,-43.274161690314294,Cachambi Grill,-22.889741430475073,-43.27472200108043,Brazilian Restaurant
1028,Cachambi,-22.88985314306488,-43.274161690314294,Shelly Burgers,-22.892883611829845,-43.27383533974665,Burger Joint
1029,Cachambi,-22.88985314306488,-43.274161690314294,Minas Pizza,-22.892393982073603,-43.27166320167564,Pizza Place
1036,Praça Seca,-22.899869464559412,-43.35235046031845,Pizoni's Restaurante e Pizzaria,-22.901826038697497,-43.35159325355559,Pizza Place
1039,Praça Seca,-22.899869464559412,-43.35235046031845,Sorvetão Restaurante e Pizzaria,-22.89832460311299,-43.35293369749919,Restaurant
1046,Benfica,-22.892155096920924,-43.24037127170784,Zinho Bier,-22.892578203330576,-43.23966204335984,Brazilian Restaurant
1047,Benfica,-22.892155096920924,-43.24037127170784,Burger King,-22.892138500965675,-43.24092149734497,Fast Food Restaurant
1050,Benfica,-22.892155096920924,-43.24037127170784,Restaurante Dom Pedro,-22.89311508028135,-43.2406318124729,Restaurant
1054,Benfica,-22.892155096920924,-43.24037127170784,Planeta Sabor,-22.894329517987558,-43.236492549785034,Brazilian Restaurant
1055,Benfica,-22.892155096920924,-43.24037127170784,Cantina HCE,-22.893971964071824,-43.24335887242158,Fast Food Restaurant
1056,Benfica,-22.892155096920924,-43.24037127170784,Jofrey's Lanches,-22.88980289433837,-43.24326912742704,Burger Joint
1057,Benfica,-22.892155096920924,-43.24037127170784,Temperito,-22.895708,-43.241276,Mexican Restaurant
1058,Benfica,-22.892155096920924,-43.24037127170784,Tô a Toa,-22.895588814090253,-43.24187050178829,Bar
1059,Benfica,-22.892155096920924,-43.24037127170784,Via Gourmet - Cantina Record - Central De Jornalismo,-22.89559318295003,-43.24189052961696,Brazilian Restaurant
1060,Benfica,-22.892155096920924,-43.24037127170784,Restaurante dos Oficiais (HCE),-22.89489993540901,-43.24340610656478,Restaurant
1061,Benfica,-22.892155096920924,-43.24037127170784,Casa Verde Grill,-22.895006077677582,-43.242699445355946,Brazilian Restaurant
1064,Santo Cristo,-22.90091757904245,-43.2036680326198,Bar do Omar,-22.902303628935016,-43.203944563865655,Bar
1076,Santo Cristo,-22.90091757904245,-43.2036680326198,Espaço Grill,-22.901793209656223,-43.205009665233725,Brazilian Restaurant
1081,Santo Cristo,-22.90091757904245,-43.2036680326198,Restaurante Pedro Alves ( Espanhol ),-22.901267647063484,-43.20225778771823,Brazilian Restaurant
1082,Santo Cristo,-22.90091757904245,-43.2036680326198,Restaurante Cartonio,-22.901442027093253,-43.204840959796364,Brazilian Restaurant
1083,Santo Cristo,-22.90091757904245,-43.2036680326198,Confeitaria Mar e Terra,-22.901449045318557,-43.204827892882186,Bakery
1086,Santo Cristo,-22.90091757904245,-43.2036680326198,Restaurante 365,-22.897291,-43.202754999999996,Restaurant
1096,Centro,-22.90666677673111,-43.17868721689066,Haishi Carioca,-22.90685779103396,-43.177814139240105,Japanese Restaurant
1104,Centro,-22.90666677673111,-43.17868721689066,Veggie Govinda,-22.90631834770512,-43.17663983023729,Indian Restaurant
1111,Centro,-22.90666677673111,-43.17868721689066,Giuseppe,-22.904511297241072,-43.17703563847724,Italian Restaurant
1118,Centro,-22.90666677673111,-43.17868721689066,A Melhor Costelinha do Mundo,-22.9091101193326,-43.1790517862575,Brazilian Restaurant
1124,Engenho de Dentro,-22.90230420218256,-43.29611058958824,Barril 8000,-22.90360141450273,-43.29693227385821,Bar
1128,Engenho de Dentro,-22.90230420218256,-43.29611058958824,O SegreTo da Pizza,-22.90170876287516,-43.29832320071786,Pizza Place
1129,Engenho de Dentro,-22.90230420218256,-43.29611058958824,Manoel & Juaquim,-22.899224311557216,-43.29719078872353,Bar
1130,Engenho de Dentro,-22.90230420218256,-43.29611058958824,Restaurante Casa do Rafael,-22.90393945473206,-43.29590624380654,Restaurant
1131,Engenho de Dentro,-22.90230420218256,-43.29611058958824,Brasa Club Carioca,-22.89957049157299,-43.295794544329894,Sports Bar
1132,Engenho de Dentro,-22.90230420218256,-43.29611058958824,Akiki nóis bebe,-22.901234246692358,-43.295221508613416,Bar
1135,Engenho de Dentro,-22.90230420218256,-43.29611058958824,Armazém Carioca,-22.899268371041625,-43.29718450923618,Brazilian Restaurant
1136,Engenho de Dentro,-22.90230420218256,-43.29611058958824,Sabor do Engenho,-22.903091983401737,-43.297299039360865,Brazilian Restaurant
1138,Engenho de Dentro,-22.90230420218256,-43.29611058958824,Manoel & Juaquim,-22.899271820483236,-43.297145736769664,Bar
1140,Engenho de Dentro,-22.90230420218256,-43.29611058958824,Coco Mambo,-22.904217030270548,-43.2953377063293,Mexican Restaurant
1142,Engenho de Dentro,-22.90230420218256,-43.29611058958824,Kentaro,-22.903101862409248,-43.29854627284972,Japanese Restaurant
1143,Engenho de Dentro,-22.90230420218256,-43.29611058958824,Experimenta Lanches,-22.90520922916735,-43.293449302769496,Burger Joint
1144,Engenho de Dentro,-22.90230420218256,-43.29611058958824,Bar Do Jorge,-22.9002422336035,-43.29903505918927,Bar
1156,Sampaio,-22.902503345245208,-43.26028520705631,La Spezzia Restaurante,-22.9022896334206,-43.256514036539706,Restaurant
1157,São Cristóvão,-22.90040814955546,-43.22250210366907,Fabene Massas,-22.89919706791125,-43.22318626230834,Italian Restaurant
1158,São Cristóvão,-22.90040814955546,-43.22250210366907,Aliva Restaurante,-22.900110313661703,-43.22309694441513,Restaurant
1161,São Cristóvão,-22.90040814955546,-43.22250210366907,Barraca da Chiquita,-22.89797033564136,-43.221030978979705,Northeastern Brazilian Restaurant
1163,São Cristóvão,-22.90040814955546,-43.22250210366907,Eskilo's churrasco Self-Service,-22.89917759560945,-43.225568329258394,American Restaurant
1165,São Cristóvão,-22.90040814955546,-43.22250210366907,Barracão do Aconchego,-22.89825792221264,-43.221108609537495,Brazilian Restaurant
1166,São Cristóvão,-22.90040814955546,-43.22250210366907,Bazar da Cantoria,-22.897169945624018,-43.220795808243075,Karaoke Bar
1175,São Cristóvão,-22.90040814955546,-43.22250210366907,Barraca Maria & Getúlio,-22.897994225177406,-43.22111253959043,Brazilian Restaurant
1178,São Cristóvão,-22.90040814955546,-43.22250210366907,Imperial Grill,-22.90037583242205,-43.22525158548687,Brazilian Restaurant
1181,São Cristóvão,-22.90040814955546,-43.22250210366907,Estação Baião de Dois,-22.897314749388407,-43.219973105549904,Northeastern Brazilian Restaurant
1182,São Cristóvão,-22.90040814955546,-43.22250210366907,Aliva,-22.90010100947073,-43.22312360029184,Bar
1183,São Cristóvão,-22.90040814955546,-43.22250210366907,Trattoria del Campo,-22.902914739311555,-43.21942539333989,Italian Restaurant
1184,São Cristóvão,-22.90040814955546,-43.22250210366907,Restaurante Porto do Sirigado,-22.897259703718852,-43.220086121758364,Northeastern Brazilian Restaurant
1185,São Cristóvão,-22.90040814955546,-43.22250210366907,Conexão Mandacaru,-22.897169642672647,-43.21996552297377,Brazilian Restaurant
1186,São Cristóvão,-22.90040814955546,-43.22250210366907,Restaurante Esquilo's,-22.899257135515214,-43.22557121515274,Restaurant
1191,Vasco da Gama,-22.89139953227014,-43.22674795238138,Almirante Bar e Restaurante,-22.89069191266749,-43.229020064337426,Portuguese Restaurant
1193,Vasco da Gama,-22.89139953227014,-43.22674795238138,Cristóvão Restaurante,-22.894407497345988,-43.22474526595533,Brazilian Restaurant
1195,Vasco da Gama,-22.89139953227014,-43.22674795238138,Bar do Julio (Corujinha),-22.892160171913297,-43.22708805214208,Brazilian Restaurant
1200,Vasco da Gama,-22.89139953227014,-43.22674795238138,Bar Bados & Budos,-22.890463121771568,-43.22402220637176,Brazilian Restaurant
1201,Vasco da Gama,-22.89139953227014,-43.22674795238138,Açaí da Deyse,-22.88835321275611,-43.228796698474426,Burger Joint
1202,Vasco da Gama,-22.89139953227014,-43.22674795238138,Restaurante Dom Matheus,-22.890329857397212,-43.222642418738545,Restaurant
1208,Inhoaíba,-22.911664056474148,-43.59396171197506,MN Lanches,-22.910047641280084,-43.59706682050128,Restaurant
1212,Jacaré,-22.892842575573802,-43.2572348365905,Caçula do Jacaré,-22.89399123654236,-43.25835199033372,Brazilian Restaurant
1214,Jacaré,-22.892842575573802,-43.2572348365905,Angel's Gourmet,-22.896906494455084,-43.25686130396361,Burger Joint
1219,Encantado,-22.897015053400512,-43.304141545108784,Coisa de Jorge,-22.89807541993061,-43.301330964437135,Bar
1224,Rocha,-22.899419288871986,-43.248941393161076,Big Burg Lanches,-22.896035529501795,-43.252006703140246,Burger Joint
1225,Rocha,-22.899419288871986,-43.248941393161076,Bar e Restaurante Cantinho da Fafá,-22.9002651840514,-43.24439801330644,Brazilian Restaurant
1227,Rocha,-22.899419288871986,-43.248941393161076,Padaria e Confeitaria Lar do Pão,-22.90164839519448,-43.251690287755366,Bakery
1231,Méier,-22.902639258000036,-43.28199431941199,Harpa Instituto de Beleza,-22.903764342152854,-43.28279758889534,Salon / Barbershop
1236,Méier,-22.902639258000036,-43.28199431941199,Sabor do Árabe,-22.90072086206285,-43.280514927371705,Middle Eastern Restaurant
1238,Méier,-22.902639258000036,-43.28199431941199,Estação do Pão,-22.903753538659696,-43.28430240142582,Bakery
1240,Méier,-22.902639258000036,-43.28199431941199,Bruthus Hamburgueria Artesanal,-22.903225951720177,-43.28496548720188,Burger Joint
1245,Méier,-22.902639258000036,-43.28199431941199,Moriá Grill,-22.900237897692968,-43.28108021338769,Brazilian Restaurant
1248,Méier,-22.902639258000036,-43.28199431941199,Bobô Bar,-22.901147949773826,-43.2824049588132,Bar
1249,Méier,-22.902639258000036,-43.28199431941199,Bar Favo de Mel,-22.900991542985807,-43.281360640837214,Bar
1250,Méier,-22.902639258000036,-43.28199431941199,Urbano Food Truck,-22.900583777310203,-43.280782710632046,Burger Joint
1253,Méier,-22.902639258000036,-43.28199431941199,Príncipe da Arábia,-22.9006530708321,-43.279977328613654,Middle Eastern Restaurant
1256,Méier,-22.902639258000036,-43.28199431941199,Boi Bão,-22.903934263924764,-43.28269081319172,Brazilian Restaurant
1258,Méier,-22.902639258000036,-43.28199431941199,Panificação e Confeitaria Imperato,-22.902326028244108,-43.28097342728727,Bakery
1268,Gamboa,-22.89746708783659,-43.192911444691326,Pensão Luso-Brasileira,-22.90028191494064,-43.18987911841658,Brazilian Restaurant
1271,Gamboa,-22.89746708783659,-43.192911444691326,Bob's,-22.89639765671383,-43.19742627468767,Fast Food Restaurant
1281,Riachuelo,-22.90298131908451,-43.255170069364816,Mister Gula,-22.9020806145191,-43.254039440930434,Brazilian Restaurant
1284,Riachuelo,-22.90298131908451,-43.255170069364816,La Spezzia Restaurante,-22.9022896334206,-43.256514036539706,Restaurant
1286,Riachuelo,-22.90298131908451,-43.255170069364816,Padaria e Confeitaria Lar do Pão,-22.90164839519448,-43.251690287755366,Bakery
1295,São Francisco Xavier,-22.904172024069627,-43.24326207694308,Bar e Restaurante Cantinho da Fafá,-22.9002651840514,-43.24439801330644,Brazilian Restaurant
1297,São Francisco Xavier,-22.904172024069627,-43.24326207694308,Canto Do Encontro,-22.904475,-43.243110179899865,Restaurant
1298,São Francisco Xavier,-22.904172024069627,-43.24326207694308,panificadora Flor De São Francisco,-22.902879491589342,-43.24457749909898,Bakery
1299,São Francisco Xavier,-22.904172024069627,-43.24326207694308,Pizzaria Victoria,-22.904819001406175,-43.24440273662498,Pizza Place
1300,São Francisco Xavier,-22.904172024069627,-43.24326207694308,Pizzaria parme,-22.90179674257691,-43.24341555338809,Pizza Place
1302,São Francisco Xavier,-22.904172024069627,-43.24326207694308,Angellu's Restaurante,-22.901203553810067,-43.244600025554334,Brazilian Restaurant
1307,Engenho Novo,-22.909097287841593,-43.2684824071851,Rei das Pizzas,-22.908882952251126,-43.26928933746575,Pizza Place
1308,Engenho Novo,-22.909097287841593,-43.2684824071851,Bar Ponto dos Amigos,-22.909816819615894,-43.272946912271976,Bar
1309,Engenho Novo,-22.909097287841593,-43.2684824071851,Danúbia Pizzaria e Grill,-22.905645135865807,-43.26730560319481,Pizza Place
1310,Engenho Novo,-22.909097287841593,-43.2684824071851,Bar Romanão,-22.911183924954727,-43.27092660416368,Bar
1314,Mangueira,-22.90405182565068,-43.23643810213827,Quiosque do Lacir,-22.90572038519155,-43.24029800519987,Bar
1315,Mangueira,-22.90405182565068,-43.23643810213827,Canitello Restaurante,-22.906361084606658,-43.24028855778997,Vegetarian / Vegan Restaurant
1324,Lins de Vasconcelos,-22.91429095024601,-43.284801313259905,Vidago's Grill,-22.91146886373283,-43.2856238135876,Restaurant
1325,Lins de Vasconcelos,-22.91429095024601,-43.284801313259905,Meu Trabalho,-22.912919539588515,-43.2825196012743,Bakery
1330,Cidade Nova,-22.91011375465045,-43.20153279482739,Emporio Città Nova,-22.911483261098045,-43.20180333281985,Italian Restaurant
1331,Cidade Nova,-22.91011375465045,-43.20153279482739,Bar do Elias,-22.91182484819865,-43.20301829945034,Middle Eastern Restaurant
1338,Cidade Nova,-22.91011375465045,-43.20153279482739,Le Panier,-22.912709399027342,-43.202186428129785,Brazilian Restaurant
1340,Cidade Nova,-22.91011375465045,-43.20153279482739,Poró Restaurante,-22.912395270043632,-43.2028161375058,Vegetarian / Vegan Restaurant
1343,Cidade Nova,-22.91011375465045,-43.20153279482739,Dom Vasques,-22.91142416641476,-43.201774552209045,Brazilian Restaurant
1345,Cidade Nova,-22.91011375465045,-43.20153279482739,Via 19 Gourmet,-22.912295551474386,-43.20227696033046,Brazilian Restaurant
1346,Cidade Nova,-22.91011375465045,-43.20153279482739,Feedback Steakhouse,-22.91213687738802,-43.202000965830955,Restaurant
1347,Cidade Nova,-22.91011375465045,-43.20153279482739,Modivida Restaurante  ,-22.913189109242357,-43.20285045326857,Brazilian Restaurant
1349,Cidade Nova,-22.91011375465045,-43.20153279482739,Bom Grill,-22.911542587805396,-43.20184502263936,Brazilian Restaurant
1350,Cidade Nova,-22.91011375465045,-43.20153279482739,Shekinah,-22.912346760090973,-43.202906861912965,Brazilian Restaurant
1353,Cidade Nova,-22.91011375465045,-43.20153279482739,Cantina Dois Amigos de Fé,-22.909550747671343,-43.201525092547904,Brazilian Restaurant
1354,Cidade Nova,-22.91011375465045,-43.20153279482739,Pimenta Carioca,-22.911666844605197,-43.20190422982316,Restaurant
1355,Cidade Nova,-22.91011375465045,-43.20153279482739,Spoleto Culinária Italiana,-22.909810018553127,-43.204343611662715,Italian Restaurant
1357,Cidade Nova,-22.91011375465045,-43.20153279482739,Arcos do Estácio,-22.913005175532785,-43.2026609572871,Brazilian Restaurant
1360,Freguesia (Jacarepaguá),-22.93209522162863,-43.338861890543654,Armazem Urbano Araguaia,-22.935553,-43.337790999999996,Restaurant
1363,Freguesia (Jacarepaguá),-22.93209522162863,-43.338861890543654,Buteco Original,-22.93552818802381,-43.33796155522914,Dive Bar
1364,Freguesia (Jacarepaguá),-22.93209522162863,-43.338861890543654,MaisSushi,-22.935648928455983,-43.33797821208563,Japanese Restaurant
1368,Praça da Bandeira,-22.91086766899447,-43.21339089892098,Restaurante Rampinha,-22.91171270746593,-43.21488624556062,Brazilian Restaurant
1369,Praça da Bandeira,-22.91086766899447,-43.21339089892098,Bar Kalango,-22.912206474981264,-43.21135408768737,Bar
1370,Praça da Bandeira,-22.91086766899447,-43.21339089892098,Noo Cachaçaria,-22.91337797860137,-43.21497762549471,Cocktail Bar
1371,Praça da Bandeira,-22.91086766899447,-43.21339089892098,Bar da Frente,-22.913597398153552,-43.215221515824965,Bar
1372,Praça da Bandeira,-22.91086766899447,-43.21339089892098,Aconchego Carioca,-22.91287317034305,-43.21412622928619,Bar
1373,Praça da Bandeira,-22.91086766899447,-43.21339089892098,Restaurante Una,-22.913097,-43.214591999999996,Restaurant
1375,Praça da Bandeira,-22.91086766899447,-43.21339089892098,Bar Reunidos,-22.91116920345377,-43.21326567747919,Bar
1376,Praça da Bandeira,-22.91086766899447,-43.21339089892098,Bar do Pereira,-22.909466536334303,-43.216449452229774,Bar
1377,Praça da Bandeira,-22.91086766899447,-43.21339089892098,Porto Pirata,-22.909509497641267,-43.215245829444115,Bar
1378,Praça da Bandeira,-22.91086766899447,-43.21339089892098,Sede dos Abutres RJ,-22.909074361337773,-43.21596314400959,Bar
1379,Praça da Bandeira,-22.91086766899447,-43.21339089892098,Hop Lab Pub,-22.913027701686463,-43.214475109626186,Beer Bar
1380,Praça da Bandeira,-22.91086766899447,-43.21339089892098,Boteko do Peixe,-22.91506558751138,-43.21263421130662,Dive Bar
1381,Praça da Bandeira,-22.91086766899447,-43.21339089892098,Dida Bar,-22.913654733639646,-43.2153716201326,Bar
1385,Praça da Bandeira,-22.91086766899447,-43.21339089892098,Chopperia Galeto Bandeira,-22.910918975477816,-43.21375216188939,Brazilian Restaurant
1386,Praça da Bandeira,-22.91086766899447,-43.21339089892098,All In Sports Bar,-22.91304811682237,-43.21445108927167,Sports Bar
1387,Praça da Bandeira,-22.91086766899447,-43.21339089892098,Padaria Le Baguete,-22.91274980968968,-43.216310030803356,Bakery
1389,Praça da Bandeira,-22.91086766899447,-43.21339089892098,Hob Hamburgueria,-22.91282833271203,-43.216628493300256,Burger Joint
1390,Praça da Bandeira,-22.91086766899447,-43.21339089892098,Salsa Pizzas e Massas,-22.912294519040238,-43.21544419054426,Pizza Place
1391,Praça da Bandeira,-22.91086766899447,-43.21339089892098,Bandeira F.C.,-22.913161303586318,-43.21476273967033,Brazilian Restaurant
1396,Praça da Bandeira,-22.91086766899447,-43.21339089892098,Restaurante Grão & Grão,-22.91209482220396,-43.213454133354254,Brazilian Restaurant
1401,Vila Isabel,-22.915433750812603,-43.24757339030374,Casa de Sucos Vila,-22.91401580749893,-43.24887156486511,Juice Bar
1403,Vila Isabel,-22.915433750812603,-43.24757339030374,Feitiço da Vila,-22.9160288752306,-43.247135362783744,Bar
1408,Vila Isabel,-22.915433750812603,-43.24757339030374,Padaria Villa's Garden,-22.915429132936644,-43.24379218694753,Bakery
1410,Vila Isabel,-22.915433750812603,-43.24757339030374,Capelinha,-22.91586565223439,-43.246119911274214,Brazilian Restaurant
1414,Vila Isabel,-22.915433750812603,-43.24757339030374,Vilarejo Bar e Restaurante,-22.91371183010789,-43.24449237170785,Brazilian Restaurant
1415,Vila Isabel,-22.915433750812603,-43.24757339030374,Parmê,-22.915993766720963,-43.25063446429758,Pizza Place
1417,Vila Isabel,-22.915433750812603,-43.24757339030374,Bar Gente Nossa,-22.913641312692324,-43.24418539965103,Bar
1425,Maracanã,-22.91322298996989,-43.228843282247354,Bar do Bode Cheiroso,-22.914457531083627,-43.22605977280293,Dive Bar
1427,Maracanã,-22.91322298996989,-43.228843282247354,Os Renatos,-22.915340419713807,-43.23190128682227,Pizza Place
1433,Maracanã,-22.91322298996989,-43.228843282247354,Bar dos Chico's,-22.915239823573174,-43.22661352833699,Bar
1440,Maracanã,-22.91322298996989,-43.228843282247354,Panetteria São Francisco,-22.915380664744873,-43.23223153592743,Bakery
1444,Maracanã,-22.91322298996989,-43.228843282247354,F3 Galeteria,-22.91644793663547,-43.225556321142435,Brazilian Restaurant
1445,Maracanã,-22.91322298996989,-43.228843282247354,"Tip Top Lanchonete, Restaurante & Pizzaria",-22.91552341429551,-43.232018885237636,Brazilian Restaurant
1446,Maracanã,-22.91322298996989,-43.228843282247354,Clássicos do Maraca,-22.914995996738142,-43.23284261244739,Sports Bar
1450,Glória,-22.919101773838616,-43.173276446946545,Corrientes 348,-22.919963348585625,-43.16988188268306,Argentinian Restaurant
1453,Glória,-22.919101773838616,-43.173276446946545,Panka Cozinha Peruana,-22.917037,-43.17725,Peruvian Restaurant
1460,Glória,-22.919101773838616,-43.173276446946545,Soho Restaurante,-22.920110804596373,-43.17027023827124,Japanese Restaurant
1462,Glória,-22.919101773838616,-43.173276446946545,Empório Rio,-22.919826999999998,-43.170093,Brazilian Restaurant
1465,Glória,-22.919101773838616,-43.173276446946545,Braseirinho da Glória,-22.919251165472847,-43.17753063269148,Brazilian Restaurant
1470,Glória,-22.919101773838616,-43.173276446946545,Urukum,-22.920285,-43.169969,Brazilian Restaurant
1471,Glória,-22.919101773838616,-43.173276446946545,Chopperia Vila Rica,-22.919248980625596,-43.17718190335957,Bar
1473,Glória,-22.919101773838616,-43.173276446946545,Bico de Ouro,-22.915931601294695,-43.17666516625296,Brazilian Restaurant
1477,Glória,-22.919101773838616,-43.173276446946545,Bota,-22.919681452660786,-43.16938743308585,Italian Restaurant
1478,Rio Comprido,-22.92868461777804,-43.20884068234096,Dox,-22.929967572002734,-43.20878303804688,Brazilian Restaurant
1479,Rio Comprido,-22.92868461777804,-43.20884068234096,Boteco Papo Carioca,-22.924918170415374,-43.211188748883814,Dive Bar
1481,Rio Comprido,-22.92868461777804,-43.20884068234096,Restaurante Bom Apetite,-22.92532030352991,-43.208654491959884,Brazilian Restaurant
1482,Rio Comprido,-22.92868461777804,-43.20884068234096,Empório Lamego,-22.924696220513603,-43.20857504736468,Bakery
1483,Rio Comprido,-22.92868461777804,-43.20884068234096,Boteco Estilo,-22.924936251746733,-43.21120184857153,Brazilian Restaurant
1488,Santa Teresa,-22.932602543568173,-43.199552555105655,Cantina do Gaúcho,-22.934436000375623,-43.1995655535439,Brazilian Restaurant
1493,Santa Teresa,-22.932602543568173,-43.199552555105655,Boteco do Morais,-22.929322275300713,-43.20269537870034,Dive Bar
1500,Estácio,-22.916813938843692,-43.20434893309348,Café e Bar Marcoense,-22.915315152923583,-43.2074382690373,Brazilian Restaurant
1502,Estácio,-22.916813938843692,-43.20434893309348,Paivas Grill,-22.913895118422488,-43.204422835784534,Brazilian Restaurant
1503,Estácio,-22.916813938843692,-43.20434893309348,Adega Gerez,-22.914244290873853,-43.204438795825794,Brazilian Restaurant
1504,Estácio,-22.916813938843692,-43.20434893309348,Modivida Restaurante  ,-22.913189109242357,-43.20285045326857,Brazilian Restaurant
1506,Estácio,-22.916813938843692,-43.20434893309348,Villa Grill,-22.91412617415731,-43.20811212039608,Restaurant
1508,Estácio,-22.916813938843692,-43.20434893309348,Arcos do Estácio,-22.913005175532785,-43.2026609572871,Brazilian Restaurant
1509,Estácio,-22.916813938843692,-43.20434893309348,Estácio Gourmet,-22.91288701428444,-43.20260297856829,Brazilian Restaurant
1510,Estácio,-22.916813938843692,-43.20434893309348,Quelight,-22.91569124424681,-43.207561102083474,American Restaurant
1512,Estácio,-22.916813938843692,-43.20434893309348,Nosso Boteco,-22.91510874445977,-43.20686667547464,Brazilian Restaurant
1513,Estácio,-22.916813938843692,-43.20434893309348,Xepa,-22.9151,-43.207159999999995,Brazilian Restaurant
1517,Estácio,-22.916813938843692,-43.20434893309348,Estácio F.C.,-22.914135,-43.207726,Sports Bar
1521,Tijuca,-22.932992781216253,-43.238677825244366,Mundo Verde,-22.932109557486143,-43.24074203146049,Vegetarian / Vegan Restaurant
1523,Tijuca,-22.932992781216253,-43.238677825244366,Wursteria,-22.931746416246625,-43.2414941609943,German Restaurant
1526,Tijuca,-22.932992781216253,-43.238677825244366,Nova Piazza,-22.93186,-43.241602,Pizza Place
1527,Tijuca,-22.932992781216253,-43.238677825244366,Otto Bar e Restaurante,-22.932346370494372,-43.24113569267225,Bar
1530,Tijuca,-22.932992781216253,-43.238677825244366,Vezpa Pizzas,-22.932321280129752,-43.24106323949922,Pizza Place
1531,Tijuca,-22.932992781216253,-43.238677825244366,Cantina da Nonna,-22.9311233069854,-43.23852325292727,Italian Restaurant
1535,Tijuca,-22.932992781216253,-43.238677825244366,Koni Store,-22.933244405090452,-43.24169993573565,Japanese Restaurant
1536,Tijuca,-22.932992781216253,-43.238677825244366,Pizza Park,-22.93324815210784,-43.241711901138665,Pizza Place
1537,Tijuca,-22.932992781216253,-43.238677825244366,Ponto De Ouro,-22.93315085470211,-43.24066486643553,Bakery
1538,Tijuca,-22.932992781216253,-43.238677825244366,Mister Pizza,-22.934236153888513,-43.242530619950706,Pizza Place
1539,Tijuca,-22.932992781216253,-43.238677825244366,Tsuki Japanese Bar,-22.93319645495814,-43.24166347662328,Japanese Restaurant
1540,Tijuca,-22.932992781216253,-43.238677825244366,Padaria Modelo,-22.93404916351802,-43.24241079856564,Bakery
1541,Tijuca,-22.932992781216253,-43.238677825244366,Casa Dezesete Restaurante,-22.930294961903066,-43.24250010747236,Brazilian Restaurant
1544,Tijuca,-22.932992781216253,-43.238677825244366,Beliska,-22.93386722868107,-43.24230672030173,Italian Restaurant
1550,Andaraí,-22.928967610449877,-43.253483344208526,Boteco Vou Demais,-22.926412185918053,-43.25342319222211,Dive Bar
1555,Andaraí,-22.928967610449877,-43.253483344208526,Self-Service Dalimar,-22.92713953085291,-43.251926418757506,Restaurant
1557,Andaraí,-22.928967610449877,-43.253483344208526,Cantinho do Garden - Condominio Garden Park,-22.927190475694125,-43.25761390140415,Bakery
1558,Andaraí,-22.928967610449877,-43.253483344208526,Matriz do Pão,-22.92609917161029,-43.25429196378885,Bakery
1560,Andaraí,-22.928967610449877,-43.253483344208526,Padaria Ouro Trigo,-22.92663997205789,-43.257045370603464,Bakery
1561,Andaraí,-22.928967610449877,-43.253483344208526,Fafelice Garden Park,-22.92761997340867,-43.25803710450928,Restaurant
1564,Pechincha,-22.929604692483096,-43.35373455772315,Landhaus Restaurante,-22.927493162744273,-43.35545695793632,German Restaurant
1565,Pechincha,-22.929604692483096,-43.35373455772315,Lanches da Noite,-22.92829720539466,-43.35510441878172,Burger Joint
1566,Pechincha,-22.929604692483096,-43.35373455772315,Planalto do Chopp,-22.92911,-43.353828,Beer Bar
1569,Pechincha,-22.929604692483096,-43.35373455772315,il Fornaccio,-22.926674868563858,-43.355845550411246,Pizza Place
1572,Pechincha,-22.929604692483096,-43.35373455772315,Arte Grill,-22.92864349501082,-43.354593960171115,Brazilian Restaurant
1573,Pechincha,-22.929604692483096,-43.35373455772315,Padaria do Pechincha,-22.928642900883865,-43.35365070788794,Bakery
1574,Pechincha,-22.929604692483096,-43.35373455772315,Adega Exoticos Tropical,-22.926498629854287,-43.35625203037565,Bar
1577,Catete,-22.92664603504376,-43.18018850374583,Mestre Kami,-22.92918198585909,-43.17938215006175,Japanese Restaurant
1580,Catete,-22.92664603504376,-43.18018850374583,Ferro e Farinha,-22.92516116970984,-43.17814448701881,Pizza Place
1590,Catete,-22.92664603504376,-43.18018850374583,Carmelo Restaurante,-22.927741793811073,-43.17641833929713,Italian Restaurant
1592,Catete,-22.92664603504376,-43.18018850374583,Palácio Bar & Restaurante,-22.928385823805343,-43.17684531000489,Brazilian Restaurant
1595,Catete,-22.92664603504376,-43.18018850374583,Berbigão,-22.92586031009224,-43.17663131408261,Seafood Restaurant
1602,Catete,-22.92664603504376,-43.18018850374583,Pensão da Nonna,-22.924715518565048,-43.17733754629329,Comfort Food Restaurant
1604,Catete,-22.92664603504376,-43.18018850374583,Casa República,-22.92457708153495,-43.17700533016199,Bakery
1605,Catete,-22.92664603504376,-43.18018850374583,Boteco BomBar,-22.924588387713968,-43.177050681169156,Bar
1606,Catete,-22.92664603504376,-43.18018850374583,Butecão,-22.924590526609517,-43.176911630058434,Bar
1609,Laranjeiras,-22.935347717872357,-43.188492914648684,Maé Noi,-22.93627180382465,-43.18998426994957,Thai Restaurant
1612,Laranjeiras,-22.935347717872357,-43.188492914648684,Orange Burger,-22.936534972380034,-43.18995527061494,Burger Joint
1614,Laranjeiras,-22.935347717872357,-43.188492914648684,Tasca do Edgar,-22.936235261185377,-43.19038173618132,Bar
1625,Laranjeiras,-22.935347717872357,-43.188492914648684,Catê Point,-22.93752048269896,-43.19035623868145,Restaurant
1626,Laranjeiras,-22.935347717872357,-43.188492914648684,Armazém do Cardosão,-22.93815313095893,-43.18853253304409,Bar
1627,Laranjeiras,-22.935347717872357,-43.188492914648684,Bar dos Guerreiros,-22.936239219451174,-43.185136287637576,Sports Bar
1628,Laranjeiras,-22.935347717872357,-43.188492914648684,Bar do Serafim,-22.93632089900983,-43.190261758978565,Bar
1639,Vargem Grande,-22.97177808986066,-43.4918101490034,Quinta,-22.975302509536306,-43.490211115741175,Brazilian Restaurant
1640,Vargem Grande,-22.97177808986066,-43.4918101490034,Jardineto,-22.976075085128716,-43.49087079604464,Seafood Restaurant
1641,Vargem Grande,-22.97177808986066,-43.4918101490034,Cosmopolita,-22.975298087052327,-43.49204462825667,Brazilian Restaurant
1644,Alto da Boa Vista,-22.96062850637464,-43.260614738416564,São Sebastião,-22.96227487726557,-43.25900511238668,French Restaurant
1655,Cosme Velho,-22.94158617687829,-43.200735362812395,Sushi do PC,-22.939887,-43.200367,Sushi Restaurant
1657,Cosme Velho,-22.94158617687829,-43.200735362812395,Panificação Rainha,-22.939829970180348,-43.19701794600317,Bakery
1666,Sepetiba,-22.96813352579405,-43.69357347548333,Imperial Pizzas & Burg's,-22.96700526998207,-43.696828558489536,Pizza Place
1668,Curicica,-22.952285879805352,-43.387208614650156,Bar do Seu Castelo,-22.953535720253768,-43.388676035966995,Bar
1670,Curicica,-22.952285879805352,-43.387208614650156,Pizzaria Tucano's,-22.955090022801517,-43.38691952268189,Pizza Place
1671,Curicica,-22.952285879805352,-43.387208614650156,Big Bis,-22.948827739795586,-43.38527251012593,Burger Joint
1673,Curicica,-22.952285879805352,-43.387208614650156,SL Rostie - A Casa da Batata,-22.953516184102515,-43.38746586548251,Pizza Place
1675,Curicica,-22.952285879805352,-43.387208614650156,Café com Empada,-22.9517,-43.38867,Comfort Food Restaurant
1676,Curicica,-22.952285879805352,-43.387208614650156,Cantinho Italiano,-22.951412977549413,-43.38717856527389,Italian Restaurant
1681,Curicica,-22.952285879805352,-43.387208614650156,Padaria,-22.954294714462772,-43.38972182101337,Bakery
1685,Curicica,-22.952285879805352,-43.387208614650156,Trio G,-22.94984525588721,-43.38354713623006,Brazilian Restaurant
1686,Curicica,-22.952285879805352,-43.387208614650156,Trio G Bar e Restaurante,-22.94984097241992,-43.38345508598649,Restaurant
1688,Copacabana,-22.970560727700864,-43.187412134573954,Barraca da Chiquita,-22.97209131675692,-43.186735598387536,Northeastern Brazilian Restaurant
1690,Copacabana,-22.970560727700864,-43.187412134573954,Baalbek,-22.970383828265945,-43.186763800818184,Middle Eastern Restaurant
1693,Copacabana,-22.970560727700864,-43.187412134573954,The Bakers,-22.97081795843644,-43.1877617193975,Bakery
1695,Copacabana,-22.970560727700864,-43.187412134573954,Bibi Sucos,-22.97209168522671,-43.18656352735704,Juice Bar
1699,Copacabana,-22.970560727700864,-43.187412134573954,Pão & Companhia,-22.9723628144015,-43.18811841091648,Bakery
1704,Copacabana,-22.970560727700864,-43.187412134573954,Haru Sushi Bar,-22.972399248806983,-43.188062742676706,Japanese Restaurant
1711,Copacabana,-22.970560727700864,-43.187412134573954,Cantina Donanna,-22.97137162853143,-43.18558043191317,Italian Restaurant
1713,Copacabana,-22.970560727700864,-43.187412134573954,Farro,-22.970144,-43.185795,Bakery
1723,Leme,-22.96225121742013,-43.164804120533645,Marius Degustare,-22.96236060652856,-43.166332964902935,Seafood Restaurant
1731,Leme,-22.96225121742013,-43.164804120533645,Boteco Belmonte,-22.962740986958323,-43.16829622502696,Dive Bar
1732,Leme,-22.96225121742013,-43.164804120533645,Bar do David,-22.960691354814717,-43.168878397364686,Bar
1733,Leme,-22.96225121742013,-43.164804120533645,La Fiorentina,-22.96260858072292,-43.16789598833472,Pizza Place
1736,Leme,-22.96225121742013,-43.164804120533645,Veneziana,-22.962568475266448,-43.16934902664864,Brazilian Restaurant
1737,Leme,-22.96225121742013,-43.164804120533645,Da Brambini,-22.962781123632947,-43.168446285589575,Italian Restaurant
1738,Leme,-22.96225121742013,-43.164804120533645,Vezpa Pizzas,-22.962428497585698,-43.16885815635569,Pizza Place
1740,Leme,-22.96225121742013,-43.164804120533645,Natu Sucos,-22.962230221609666,-43.1684336126305,Juice Bar
1741,Leme,-22.96225121742013,-43.164804120533645,Quiosque Chopp Brahma,-22.96269652000433,-43.16508068187316,Beach Bar
1743,Leme,-22.96225121742013,-43.164804120533645,Novo Veneziana,-22.96258400390768,-43.16934759882845,Restaurant
1745,Leme,-22.96225121742013,-43.164804120533645,Quiosque Espaço Carioca,-22.962691218253298,-43.165000996517286,Beach Bar
1751,Botafogo,-22.95224426634797,-43.18610180710429,Refeitório Orgânico,-22.953498292450305,-43.1865996220207,Vegetarian / Vegan Restaurant
1752,Botafogo,-22.95224426634797,-43.18610180710429,WineHouse,-22.952932502412988,-43.18735220420447,Wine Bar
1756,Botafogo,-22.95224426634797,-43.18610180710429,Cave Nacional,-22.953917017677945,-43.18585071787414,Wine Bar
1763,Botafogo,-22.95224426634797,-43.18610180710429,Boteco Colarinho,-22.95092988659709,-43.184568687478034,Bar
1772,Botafogo,-22.95224426634797,-43.18610180710429,Espaço Carioca de Gastronomia,-22.954479905261532,-43.18633506219955,Restaurant
1773,Botafogo,-22.95224426634797,-43.18610180710429,Adega da Velha,-22.95275043527048,-43.18737485236084,Bar
1774,Botafogo,-22.95224426634797,-43.18610180710429,Hocus Pocus DNA,-22.954686523985504,-43.184655211142996,Beer Bar
1783,Urca,-22.950417820302416,-43.16184039598769,Julius Brasserie,-22.948439128096997,-43.163541696307156,French Restaurant
1784,Urca,-22.950417820302416,-43.16184039598769,República da Fruta,-22.951054811766927,-43.16421703756672,Juice Bar
1788,Urca,-22.950417820302416,-43.16184039598769,Garota da Urca,-22.9479344336367,-43.16267958642962,Bar
1791,Urca,-22.950417820302416,-43.16184039598769,Boteco Belmonte,-22.94845344479948,-43.163529977345526,Dive Bar
1792,Urca,-22.950417820302416,-43.16184039598769,Flor da Urca,-22.948469904466748,-43.1648594440453,South American Restaurant
1802,Urca,-22.950417820302416,-43.16184039598769,Abençoado,-22.9511281189766,-43.16403246461937,Brazilian Restaurant
1804,Anil,-22.95704391840724,-43.33822453155866,Chicago House Eatery,-22.9551588395688,-43.339186169655825,Burger Joint
1809,Anil,-22.95704391840724,-43.33822453155866,Pizzanil,-22.955112455810013,-43.33724328636268,Pizza Place
1816,Anil,-22.95704391840724,-43.33822453155866,Zeca Hora,-22.95545590992361,-43.34248087091333,Pizza Place
1817,Anil,-22.95704391840724,-43.33822453155866,Zeca's Restaurante,-22.953314483382567,-43.340491491496344,Brazilian Restaurant
1819,Jacarepaguá,-22.944235700555836,-43.38079851383827,Peixe Frito do Dino,-22.94532794855957,-43.38419993022447,Seafood Restaurant
1822,Jacarepaguá,-22.944235700555836,-43.38079851383827,Taberna da Preguiça,-22.94312442530664,-43.384136761541214,Bar
1823,Jacarepaguá,-22.944235700555836,-43.38079851383827,Pizzaria Bambini,-22.944627649071805,-43.38531218432804,Pizza Place
1825,Jacarepaguá,-22.944235700555836,-43.38079851383827,Bar da Dona Alda,-22.944722679443608,-43.38278708674082,Bar
1827,Jacarepaguá,-22.944235700555836,-43.38079851383827,Ozooni,-22.942576623961486,-43.38346235262395,Asian Restaurant
1831,Camorim,-22.97151488875647,-43.43037756604955,Restaurante Camurutaba,-22.969479999999997,-43.430142700000005,Seafood Restaurant
1832,Rocinha,-22.98888965587789,-43.24862900753848,Sushi Yaki,-22.9918438176856,-43.251354735424364,Asian Restaurant
1833,Rocinha,-22.98888965587789,-43.24862900753848,Trapiá Bar e Restaurante,-22.991291365679906,-43.2518442262156,Brazilian Restaurant
1834,Rocinha,-22.98888965587789,-43.24862900753848,Azuki Sushi,-22.989040859541436,-43.24986931656,Sushi Restaurant
1836,Rocinha,-22.98888965587789,-43.24862900753848,Amarelinho Da Via Apia,-22.991389100363627,-43.25185403401914,Brazilian Restaurant
1838,Rocinha,-22.98888965587789,-43.24862900753848,Varandas da Via Ápia,-22.991119454728945,-43.25207618712426,Restaurant
1839,Rocinha,-22.98888965587789,-43.24862900753848,Bob's,-22.99101060154645,-43.25184141177018,Fast Food Restaurant
1840,Rocinha,-22.98888965587789,-43.24862900753848,Pizzaria Rio,-22.990786552261447,-43.25235613542268,Pizza Place
1841,Rocinha,-22.98888965587789,-43.24862900753848,Atelier Do Sushi,-22.99009166743958,-43.25111884596033,Sushi Restaurant
1842,Rocinha,-22.98888965587789,-43.24862900753848,Sushi Roma,-22.991871335141315,-43.25078825682677,Japanese Restaurant
1846,Humaitá,-22.954947465313282,-43.20102102890386,Giovane's,-22.9555737782438,-43.19751678388256,Salon / Barbershop
1848,Humaitá,-22.954947465313282,-43.20102102890386,Domenica Pizza Artesanal,-22.954635255410327,-43.19654708393689,Pizza Place
1850,Humaitá,-22.954947465313282,-43.20102102890386,Joaquina Bar & Restaurante,-22.955552438482197,-43.19650683159344,Bar
1851,Humaitá,-22.954947465313282,-43.20102102890386,Carioca Zen,-22.958416808679036,-43.19977476107689,Vegetarian / Vegan Restaurant
1856,Humaitá,-22.954947465313282,-43.20102102890386,Vikings,-22.956348979932734,-43.19707779736711,Bar
1861,Humaitá,-22.954947465313282,-43.20102102890386,Dos Santos,-22.953619563904823,-43.19685281340149,Restaurant
1862,Humaitá,-22.954947465313282,-43.20102102890386,Panificação União,-22.95806023905317,-43.199523202944576,Bakery
1873,Humaitá,-22.954947465313282,-43.20102102890386,Bar do Rock,-22.955592703008488,-43.196589089717065,Bar
1875,Gardênia Azul,-22.958712170308214,-43.35100244337034,Garden Brasa,-22.962908507899126,-43.35135427174513,Pizza Place
1878,Gardênia Azul,-22.958712170308214,-43.35100244337034,Wly6,-22.959074419334588,-43.35068268838091,Burger Joint
1879,Gardênia Azul,-22.958712170308214,-43.35100244337034,Experimenta Lanches,-22.95856568901566,-43.34859465235221,Fast Food Restaurant
1882,Jardim Botânico,-22.96451150445178,-43.22426135303166,La Bicyclette,-22.964987897449713,-43.22235969436573,Bakery
1884,Jardim Botânico,-22.96451150445178,-43.22426135303166,Yumê,-22.965295811287586,-43.2263446345571,Japanese Restaurant
1889,Jardim Botânico,-22.96451150445178,-43.22426135303166,Prosa na Cozinha,-22.964907685481702,-43.220017955571926,Comfort Food Restaurant
1890,Jardim Botânico,-22.96451150445178,-43.22426135303166,Ella Pizzaria,-22.96614780521637,-43.220392613294926,Pizza Place
1892,Jardim Botânico,-22.96451150445178,-43.22426135303166,Grado Restaurante,-22.9656377250655,-43.220301765589035,Italian Restaurant
1893,Jardim Botânico,-22.96451150445178,-43.22426135303166,Grand Cru,-22.964705058356994,-43.22012882516557,Wine Bar
1894,Jardim Botânico,-22.96451150445178,-43.22426135303166,¡Venga! Taberna,-22.965029123297946,-43.2197670416127,Bar
1895,Jardim Botânico,-22.96451150445178,-43.22426135303166,Puro Restaurante,-22.965990878100747,-43.22050445290553,Brazilian Restaurant
1896,Jardim Botânico,-22.96451150445178,-43.22426135303166,"Sud, o pássaro verde Café",-22.965667,-43.22037,Brazilian Restaurant
1897,Jardim Botânico,-22.96451150445178,-43.22426135303166,Do Horto Bar e Restaurante,-22.965396479957427,-43.226518756124094,Bar
1903,Jardim Botânico,-22.96451150445178,-43.22426135303166,Bingo Bar e Restaurante,-22.96501240809567,-43.21954483074653,Bar
1904,Jardim Botânico,-22.96451150445178,-43.22426135303166,Globar,-22.96474307461511,-43.222602976599276,Bar
1906,Jardim Botânico,-22.96451150445178,-43.22426135303166,Panificação Século XX,-22.965279081795426,-43.22244075553899,Bakery
1913,Vargem Pequena,-22.982478568906302,-43.45854950763232,Grillo Grill & Bar,-22.981793970276122,-43.46283376947309,Bar
1914,Vargem Pequena,-22.982478568906302,-43.45854950763232,Pizzaria e Restaurante Bosque de Vargem Pequena,-22.982514880743874,-43.4632014802977,Brazilian Restaurant
1916,Vargem Pequena,-22.982478568906302,-43.45854950763232,Bob's,-22.985930000302478,-43.45876885589283,Fast Food Restaurant
1921,Vargem Pequena,-22.982478568906302,-43.45854950763232,Patuscada D'além-mar,-22.982046130323983,-43.46306704355845,Seafood Restaurant
1931,Itanhangá,-22.985884572537657,-43.31007866394877,Mr. Sushi,-22.987564088570227,-43.30913482450628,Japanese Restaurant
1932,Itanhangá,-22.985884572537657,-43.31007866394877,Tenki Sushi,-22.988329760878138,-43.30909595335623,Japanese Restaurant
1933,Itanhangá,-22.985884572537657,-43.31007866394877,Pizza Legal,-22.987135206702188,-43.307643633445814,Pizza Place
1936,Itanhangá,-22.985884572537657,-43.31007866394877,Pizzaria Boa Fortuna,-22.98744398798338,-43.30688635642237,Pizza Place
1937,Itanhangá,-22.985884572537657,-43.31007866394877,Namoral Sushi Bar,-22.987147265923266,-43.30765434144089,Sushi Restaurant
1942,Itanhangá,-22.985884572537657,-43.31007866394877,Padaria Renascer,-22.98788262774582,-43.308723718413994,Bakery
1945,Itanhangá,-22.985884572537657,-43.31007866394877,Bar Encontro dos Amigos,-22.98833777148077,-43.309091707849554,Brazilian Restaurant
1948,Itanhangá,-22.985884572537657,-43.31007866394877,Serve e Mar Bar e Restaurante,-22.989345162290416,-43.3083581739548,Brazilian Restaurant
1949,Itanhangá,-22.985884572537657,-43.31007866394877,Padaria Sonho Do Nordeste,-22.986725,-43.30575,Bakery
1955,Gávea,-22.979819175756827,-43.238827783095076,Confeitaria Lorena,-22.98217377378944,-43.238085712179576,Bakery
1956,Gávea,-22.979819175756827,-43.238827783095076,Couve Flor,-22.9802801444792,-43.233996260986274,Brazilian Restaurant
1960,Gávea,-22.979819175756827,-43.238827783095076,Villar Sushi,-22.980459211899852,-43.24161432688092,Japanese Restaurant
1966,Barra da Tijuca,-22.998700413817158,-43.37288456646093,Cervantes,-23.000730450447612,-43.370983071623,Brazilian Restaurant
1967,Barra da Tijuca,-22.998700413817158,-43.37288456646093,Bella Fornatta,-23.000835258590836,-43.37097138734732,Pizza Place
1975,Leblon,-22.983798642503015,-43.22534136126718,Talho Capixaba,-22.984887913913745,-43.22565017048056,Bakery
1976,Leblon,-22.983798642503015,-43.22534136126718,Nola,-22.98410071114729,-43.2272845798679,Brazilian Restaurant
1977,Leblon,-22.983798642503015,-43.22534136126718,Pizzaria Zona Sul,-22.983461667150372,-43.22658972106904,Pizza Place
1978,Leblon,-22.983798642503015,-43.22534136126718,Boteco Belmonte,-22.98259355329296,-43.225713413561195,Dive Bar
1983,Leblon,-22.983798642503015,-43.22534136126718,Pappa Jack,-22.98504489197553,-43.22588976758466,Pizza Place
1985,Leblon,-22.983798642503015,-43.22534136126718,Manekineko,-22.983097934209013,-43.226214754101626,Japanese Restaurant
1987,Leblon,-22.983798642503015,-43.22534136126718,Quadrucci,-22.984250348268013,-43.227382150773956,Italian Restaurant
1988,Leblon,-22.983798642503015,-43.22534136126718,Jobi,-22.985459154194412,-43.226842302669134,Bar
1990,Leblon,-22.983798642503015,-43.22534136126718,Nam Thai,-22.985652836739767,-43.226430411072705,Thai Restaurant
1994,Leblon,-22.983798642503015,-43.22534136126718,Sushi Leblon,-22.98402838246468,-43.22724587805428,Sushi Restaurant
2000,Leblon,-22.983798642503015,-43.22534136126718,Cantinho do Leblon,-22.982611362488452,-43.22561641224044,Brazilian Restaurant
2002,Leblon,-22.983798642503015,-43.22534136126718,Prima Bruschetteria,-22.98557074319026,-43.22646703518286,Italian Restaurant
2003,Leblon,-22.983798642503015,-43.22534136126718,Fratelli,-22.98613157756448,-43.22542079151925,Italian Restaurant
2008,Pedra de Guaratiba,-22.99816589154409,-43.63772881822234,Danado's Pizzaria,-23.00185291114213,-43.640214282113746,Pizza Place
2010,Pedra de Guaratiba,-22.99816589154409,-43.63772881822234,Pizzaria Esquina do Sabor,-23.002069031602613,-43.636151365954845,Pizza Place
2013,Recreio dos Bandeirantes,-23.01509570461793,-43.480827987094784,Cevadas S.A. Bar,-23.017493734113174,-43.47724121788639,Sports Bar
2017,Recreio dos Bandeirantes,-23.01509570461793,-43.480827987094784,Padaria Vaspão,-23.017776793750766,-43.477034766505724,Bakery
2019,Recreio dos Bandeirantes,-23.01509570461793,-43.480827987094784,McDonald's,-23.018041,-43.478673,Fast Food Restaurant
2021,Recreio dos Bandeirantes,-23.01509570461793,-43.480827987094784,Pastel do Zico,-23.013158999999998,-43.477039000000005,Falafel Restaurant
2023,Vidigal,-22.99474224028973,-43.23996320515109,Bar 180° Alto Vidigal,-22.99585250240458,-43.24216921482834,Bar
2025,Vidigal,-22.99474224028973,-43.23996320515109,Mirante do Arvrão,-22.99569171497185,-43.242452952296276,Bar
2026,Vidigal,-22.99474224028973,-43.23996320515109,Bar da Laje,-22.995787713881914,-43.24221092894115,Bar
2028,Vidigal,-22.99474224028973,-43.23996320515109,Restaurante Dois Irmãos do Vidigal,-22.993292,-43.238527000000005,Restaurant
2031,Vidigal,-22.99474224028973,-43.23996320515109,Fênix Sushi Bar - Vidigal,-22.99403469169043,-43.23515097508971,Sushi Restaurant
2032,Vidigal,-22.99474224028973,-43.23996320515109,Bar Lacubaco,-22.99445901157276,-43.237290721402005,Brazilian Restaurant
2035,Vidigal,-22.99474224028973,-43.23996320515109,Las Empanadas,-22.994439,-43.23554,Empanada Restaurant
2038,Vidigal,-22.99474224028973,-43.23996320515109,MB Grill,-22.99436378479004,-43.235130310058594,Burger Joint
2044,Caju,-22.879192769344648,-43.221438360327326,Cabaré da Elza,-22.87932048206148,-43.22380957033575,Gay Bar
2048,Caju,-22.879192769344648,-43.221438360327326,Zumbido Do Asfalto,-22.880342000000002,-43.224990000000005,Bar
2049,Deodoro,-22.85133661334013,-43.386389993461826,Refeitório SEST/SENAT,-22.852488226181286,-43.385190967636184,Comfort Food Restaurant
2052,Deodoro,-22.85133661334013,-43.386389993461826,Brenda Lanches,-22.85391850702475,-43.39032682655738,Burger Joint
